"Path","Slice Name","Alias(s)","Label","Min","Max","Must Support?","Is Modifier?","Is Summary?","Type(s)","Short","Definition","Comments","Requirements","Default Value","Meaning When Missing","Fixed Value","Pattern","Example","Minimum Value","Maximum Value","Maximum Length","Binding Strength","Binding Description","Binding Value Set","Code","Slicing Discriminator","Slicing Description","Slicing Ordered","Slicing Rules","Base Path","Base Min","Base Max","Condition(s)","Constraint(s)","Mapping: RIM Mapping","Mapping: CDA (R2)","Mapping: W5 Mapping"
"Composition","","","",0,*,"","","","","odh-OccupationalDataForHealth","Information about a person's work and volunteer positions to support patient care, population health and public health activities.. The profile is based on FHIR Composition that contains a single section, OccupationalDataSection.","While the focus of this specification is on patient-specific clinical statements, this resource can also apply to other healthcare-related statements such as study protocol designs, healthcare invoices and other activities that are not necessarily patient-specific or clinical.","","","","","","","","",,,,,"",,,,"",0,null,"","dom-2:If the resource is contained in another resource, it SHALL NOT contain nested Resources {contained.contained.empty()}
dom-1:If the resource is contained in another resource, it SHALL NOT contain any narrative {contained.text.empty()}dom-4:If a resource is contained in another resource, it SHALL NOT have a meta.versionId or a meta.lastUpdated {contained.meta.versionId.empty() and contained.meta.lastUpdated.empty()}dom-3:If the resource is contained in another resource, it SHALL be referred to from elsewhere in the resource {contained.where(('#'+id in %resource.descendants().reference).not()).empty()}","Entity. Role, or Act","Document[classCode=""DOC"" and moodCode=""EVN"" and isNormalAct()]","ClinicalDocument","infrastructure.documents"
"Composition.id","","","",0,1,"","","Y","id {[]} {[]}
","Logical id of this artifact","The logical id of the resource, as used in the URL for the resource. Once assigned, this value never changes.","The only time that a resource does not have an id is when it is being submitted to the server using a create operation.","","","","","","","","",,,,,"",,,,"Resource.id",0,1,"",""
"Composition.meta","","","",0,1,"","","Y","Meta {[]} {[]}
","Metadata about the resource","The metadata about the resource. This is content that is maintained by the infrastructure. Changes to the content may not always be associated with version changes to the resource.","","","","","","","","","",,,,,"",,,,"Resource.meta",0,1,"",""
"Composition.meta.id","","","",0,1,"","","","string {[]} {[]}
","xml:id (or equivalent in JSON)","unique id for the element within a resource (for internal references). This may be any string value that does not contain spaces.","","","","","","","","","",,,,,"",,,,"Element.id",0,1,"","","n/a"
"Composition.meta.extension","","extensions
user content","",0,*,"","","","Extension {[]} {[]}
","Additional Content defined by implementations","May be used to represent additional information that is not part of the basic definition of the element. In order to make the use of extensions safe and manageable, there is a strict set of governance  applied to the definition and use of extensions. Though any implementer is allowed to define an extension, there is a set of requirements that SHALL be met as part of the definition of the extension.","There can be no stigma associated with the use of extensions by any application, project, or standard - regardless of the institution or jurisdiction that uses or defines the extensions.  The use of extensions is what allows the FHIR specification to retain a core level of simplicity for everyone.","","","","","","","","",,,,,"","value:url}
","Extensions are always sliced by (at least) url",,"open","Element.extension",0,*,"","","n/a"
"Composition.meta.extension","sourcesystem","","",0,1,"","","","Extension {[CanonicalType[http://hl7.org/fhir/us/odh/StructureDefinition/shr-core-SourceSystem-extension]]} {[]}
","","FHIR: This provides a minimal amount of Provenance information that can be used to track or differentiate the source of information in the resource. The source may identify another FHIR server, document, message, database, etc.
FHIM: Identifies the computer system that created the medical record. This optional field may also be used to indicate that the medical record was originally created by a different organization from the one that is currently storing or utilizing the record in that the assigning authority of the Id could be set to that originating organization. This property is optional, as some systems will assume that all records that it contains originated in that system, however it is anticipated that it will become increasingly commonplace for records from multiple systems and organizations will be comingled in order to provide a complete picture of the patient's health record.","","","","","","","","","",,,,,"",,,,"Element.extension",0,*,"",""
"Composition.meta.versionId","","","",0,1,"","","Y","id {[]} {[]}
","Version specific identifier","The version specific identifier, as it appears in the version portion of the URL. This values changes when the resource is created, updated, or deleted.","The server assigns this value, and ignores what the client specifies, except in the case that the server is imposing version integrity on updates/deletes.","","","","","","","","",,,,,"",,,,"",0,null,"",""
"Composition.meta.lastUpdated","","","",0,1,"","","Y","instant {[]} {[]}
","When the resource version last changed","When the resource last changed - e.g. when the version changed.","This value is always populated except when the resource is first being created. The server / resource manager sets this value; what a client provides is irrelevant.","","","","","","","","",,,,,"",,,,"",0,null,"",""
"Composition.meta.profile","","","",0,*,"","","Y","uri {[]} {[]}
","Profiles this resource claims to conform to","A list of profiles (references to [StructureDefinition](structuredefinition.html#) resources) that this resource claims to conform to. The URL is a reference to [StructureDefinition.url]().","It is up to the server and/or other infrastructure of policy to determine whether/how these claims are verified and/or updated over time.  The list of profile URLs is a set.","","","","","","","","",,,,,"",,,,"",0,null,"",""
"Composition.meta.security","","","",0,*,"","","Y","Coding {[]} {[]}
","Security Labels applied to this resource","Security labels applied to this resource. These tags connect specific resources to the overall security policy and infrastructure.","The security labels can be updated without changing the stated version of the resource  The list of security labels is a set. Uniqueness is based the system/code, and version and display are ignored.","","","","","","","","",,"extensible","Security Labels from the Healthcare Privacy and Security Classification System.","http://hl7.org/fhir/ValueSet/security-labels","",,,,"",0,null,"",""
"Composition.meta.tag","","","",0,*,"","","Y","Coding {[]} {[]}
","Tags applied to this resource","Tags applied to this resource. Tags are intended to be used to identify and relate resources to process and workflow, and applications are not required to consider the tags when interpreting the meaning of a resource.","The tags can be updated without changing the stated version of the resource.  The list of tags is a set. Uniqueness is based the system/code, and version and display are ignored.","","","","","","","","",,"example","Codes that represent various types of tags, commonly workflow-related; e.g. ""Needs review by Dr. Jones""","http://hl7.org/fhir/ValueSet/common-tags","",,,,"",0,null,"",""
"Composition.implicitRules","","","",0,1,"","Y","Y","uri {[]} {[]}
","A set of rules under which this content was created","A reference to a set of rules that were followed when the resource was constructed, and which must be understood when processing the content.","Asserting this rule set restricts the content to be only understood by a limited set of trading partners. This inherently limits the usefulness of the data in the long term. However, the existing health eco-system is highly fractured, and not yet ready to define, collect, and exchange data in a generally computable sense. Wherever possible, implementers and/or specification writers should avoid using this element. 

This element is labelled as a modifier because the implicit rules may provide additional knowledge about the resource that modifies it's meaning or interpretation.","","","","","","","","",,,,,"",,,,"Resource.implicitRules",0,1,"",""
"Composition.language","","","",0,1,"","","","code {[]} {[]}
","Language of the resource content","The base language in which the resource is written.","Language is provided to support indexing and accessibility (typically, services such as text to speech use the language tag). The html language tag in the narrative applies  to the narrative. The language tag on the resource may be used to specify the language of other presentations generated from the data in the resource  Not all the content has to be in the base language. The Resource.language should not be assumed to apply to the narrative automatically. If a language is specified, it should it also be specified on the div element in the html (see rules in HTML5 for information about the relationship between xml:lang and the html lang attribute).","","","","","","","","",,"extensible","A human language.","http://hl7.org/fhir/ValueSet/languages","",,,,"Resource.language",0,1,"",""
"Composition.text","","narrative
htmlxhtmldisplay","",0,1,"","","","Narrative {[]} {[]}
","Text summary of the resource, for human interpretation","A human-readable narrative that contains a summary of the resource, and may be used to represent the content of the resource to a human. The narrative need not encode all the structured data, but is required to contain sufficient detail to make it ""clinically safe"" for a human to just read the narrative. Resource definitions may define what content should be represented in the narrative to ensure clinical safety.","Contained resources do not have narrative. Resources that are not contained SHOULD have a narrative. In some cases, a resource may only have text with little or no additional discrete data (as long as all minOccurs=1 elements are satisfied).  This may be necessary for data from legacy systems where information is captured as a ""text blob"" or where text is additionally entered raw or narrated and encoded in formation is added later.","","","","","","","","",,,,,"",,,,"DomainResource.text",0,1,"dom-1
","","Act.text?"
"Composition.contained","","inline resources
anonymous resourcescontained resources","",0,*,"","","","Resource {[]} {[]}
","Contained, inline Resources","These resources do not have an independent existence apart from the resource that contains them - they cannot be identified independently, and nor can they have their own independent transaction scope.","This should never be done when the content can be identified properly, as once identification is lost, it is extremely difficult (and context dependent) to restore it again.","","","","","","","","",,,,,"",,,,"DomainResource.contained",0,*,"","","N/A"
"Composition.extension","","extensions
user content","",0,*,"","","","Extension {[]} {[]}
","Additional Content defined by implementations","May be used to represent additional information that is not part of the basic definition of the resource. In order to make the use of extensions safe and manageable, there is a strict set of governance  applied to the definition and use of extensions. Though any implementer is allowed to define an extension, there is a set of requirements that SHALL be met as part of the definition of the extension.","There can be no stigma associated with the use of extensions by any application, project, or standard - regardless of the institution or jurisdiction that uses or defines the extensions.  The use of extensions is what allows the FHIR specification to retain a core level of simplicity for everyone.","","","","","","","","",,,,,"",,,,"DomainResource.extension",0,*,"","","N/A"
"Composition.modifierExtension","","extensions
user content","",0,*,"","Y","","Extension {[]} {[]}
","Extensions that cannot be ignored","May be used to represent additional information that is not part of the basic definition of the resource, and that modifies the understanding of the element that contains it. Usually modifier elements provide negation or qualification. In order to make the use of extensions safe and manageable, there is a strict set of governance applied to the definition and use of extensions. Though any implementer is allowed to define an extension, there is a set of requirements that SHALL be met as part of the definition of the extension. Applications processing a resource are required to check for modifier extensions.","There can be no stigma associated with the use of extensions by any application, project, or standard - regardless of the institution or jurisdiction that uses or defines the extensions.  The use of extensions is what allows the FHIR specification to retain a core level of simplicity for everyone.","","","","","","","","",,,,,"",,,,"DomainResource.modifierExtension",0,*,"","","N/A"
"Composition.identifier","","","",0,1,"","","Y","Identifier {[]} {[]}
","Logical identifier of composition (version-independent)","Logical identifier for the composition, assigned when created. This identifier stays constant as the composition is changed over time.","See discussion in resource definition for how these relate.","","","","","","","","",,,,,"",,,,"",0,null,"","","Document.id / Document.setId",".setId","id"
"Composition.status","","","",1,1,"","Y","Y","code {[]} {[]}
","preliminary | final | amended | entered-in-error","The workflow/clinical status of this composition. The status is a marker for the clinical standing of the document.","If a composition is marked as withdrawn, the compositions/documents in the series, or data from the composition or document series, should never be displayed to a user without being clearly marked as untrustworthy. The flag ""entered-in-error"" is why this element is labeled as a modifier of other elements. 

Some reporting work flows require that the original narrative of a final document never be altered; instead, only new narrative can be added. The composition resource has no explicit status for explicitly noting whether this business rule is in effect. This would be handled by an extension if required.","Need to be able to mark interim, amended, or withdrawn compositions or documents.","","","","","","","",,"required","The workflow/clinical status of the composition.","http://hl7.org/fhir/ValueSet/composition-status","",,,,"",0,null,"","","interim: .completionCode=""IN"" & ./statusCode[isNormalDatatype()]=""active"";  final: .completionCode=""AU"" &&  ./statusCode[isNormalDatatype()]=""complete"" and not(./inboundRelationship[typeCode=""SUBJ"" and isNormalActRelationship()]/source[subsumesCode(""ActClass#CACT"") and moodCode=""EVN"" and domainMember(""ReviseComposition"", code) and isNormalAct()]);  amended: .completionCode=""AU"" &&  ./statusCode[isNormalDatatype()]=""complete"" and ./inboundRelationship[typeCode=""SUBJ"" and isNormalActRelationship()]/source[subsumesCode(""ActClass#CACT"") and moodCode=""EVN"" and domainMember(""ReviseComposition"", code) and isNormalAct() and statusCode=""completed""];  withdrawn : .completionCode=NI &&  ./statusCode[isNormalDatatype()]=""obsolete""","n/a","status"
"Composition.type","","","",1,1,"","","Y","CodeableConcept {[]} {[]}
","Kind of composition (LOINC if possible)","Specifies the particular kind of composition (e.g. History and Physical, Discharge Summary, Progress Note). This usually equates to the purpose of making the composition.","For Composition type, LOINC is ubiquitous and strongly endorsed by HL7. Most implementation guides will require a specific LOINC code, or use LOINC as an extensible binding.","Key metadata element describing the composition, used in searching/filtering.","","","","","","","",,"preferred","Type of a composition.","http://hl7.org/fhir/ValueSet/doc-typecodes","",,,,"",0,null,"","","./code",".code","class"
"Composition.type.id","","","",0,1,"","","","string {[]} {[]}
","xml:id (or equivalent in JSON)","unique id for the element within a resource (for internal references). This may be any string value that does not contain spaces.","","","","","","","","","",,,,,"",,,,"Element.id",0,1,"","","n/a"
"Composition.type.extension","","extensions
user content","",0,*,"","","","Extension {[]} {[]}
","Additional Content defined by implementations","May be used to represent additional information that is not part of the basic definition of the element. In order to make the use of extensions safe and manageable, there is a strict set of governance  applied to the definition and use of extensions. Though any implementer is allowed to define an extension, there is a set of requirements that SHALL be met as part of the definition of the extension.","There can be no stigma associated with the use of extensions by any application, project, or standard - regardless of the institution or jurisdiction that uses or defines the extensions.  The use of extensions is what allows the FHIR specification to retain a core level of simplicity for everyone.","","","","","","","","",,,,,"","value:url}
","Extensions are always sliced by (at least) url",,"open","Element.extension",0,*,"","","n/a"
"Composition.type.coding","","","",1,*,"","","Y","Coding {[]} {[]}
","Code defined by a terminology system","A reference to a code defined by a terminology system.","Codes may be defined very casually in enumerations, or code lists, up to very formal definitions such as SNOMED CT - see the HL7 v3 Core Principles for more information.  Ordering of codings is undefined and SHALL NOT be used to infer meaning. Generally, at most only one of the coding values will be labeled as UserSelected = true.","Allows for translations and alternate encodings within a code system.  Also supports communication of the same instance to systems requiring different encodings.","","","","","","","",,,,,"","value:code}
","",,"open","",0,null,"","","union(., ./translation)"
"Composition.type.coding","Fixed_74166-0","","",1,1,"","","Y","Coding {[]} {[]}
","Occupational summary note","Occupational summary note","","","","","","","","","",,,,,"",,,,"",0,null,"",""
"Composition.type.coding.id","","","",0,1,"","","","string {[]} {[]}
","xml:id (or equivalent in JSON)","unique id for the element within a resource (for internal references). This may be any string value that does not contain spaces.","","","","","","","","","",,,,,"",,,,"Element.id",0,1,"","","n/a"
"Composition.type.coding.extension","","extensions
user content","",0,*,"","","","Extension {[]} {[]}
","Additional Content defined by implementations","May be used to represent additional information that is not part of the basic definition of the element. In order to make the use of extensions safe and manageable, there is a strict set of governance  applied to the definition and use of extensions. Though any implementer is allowed to define an extension, there is a set of requirements that SHALL be met as part of the definition of the extension.","There can be no stigma associated with the use of extensions by any application, project, or standard - regardless of the institution or jurisdiction that uses or defines the extensions.  The use of extensions is what allows the FHIR specification to retain a core level of simplicity for everyone.","","","","","","","","",,,,,"","value:url}
","Extensions are always sliced by (at least) url",,"open","Element.extension",0,*,"","","n/a"
"Composition.type.coding.system","","","",0,1,"","","Y","uri {[]} {[]}
","Identity of the terminology system","The identification of the code system that defines the meaning of the symbol in the code.","The URI may be an OID (urn:oid:...) or a UUID (urn:uuid:...).  OIDs and UUIDs SHALL be references to the HL7 OID registry. Otherwise, the URI should come from HL7's list of FHIR defined special URIs or it should de-reference to some definition that establish the system clearly and unambiguously.","Need to be unambiguous about the source of the definition of the symbol.","","","<valueUri xmlns=""http://hl7.org/fhir"" value=""http://loinc.org""/>","","","","",,,,,"",,,,"",0,null,"","","./codeSystem"
"Composition.type.coding.version","","","",0,1,"","","Y","string {[]} {[]}
","Version of the system - if relevant","The version of the code system which was used when choosing this code. Note that a well-maintained code system does not need the version reported, because the meaning of codes is consistent across versions. However this cannot consistently be assured. and when the meaning is not guaranteed to be consistent, the version SHOULD be exchanged.","Where the terminology does not clearly define what string should be used to identify code system versions, the recommendation is to use the date (expressed in FHIR date format) on which that version was officially published as the version date.","","","","","","","","",,,,,"",,,,"",0,null,"","","./codeSystemVersion"
"Composition.type.coding.code","","","",0,1,"","","Y","code {[]} {[]}
","Symbol in syntax defined by the system","A symbol in syntax defined by the system. The symbol may be a predefined code or an expression in a syntax defined by the coding system (e.g. post-coordination).","","Need to refer to a particular code in the system.","","","<valueCode xmlns=""http://hl7.org/fhir"" value=""74166-0""/>","","","","",,,,,"",,,,"",0,null,"","","./code"
"Composition.type.coding.display","","","",0,1,"","","Y","string {[]} {[]}
","Representation defined by the system","A representation of the meaning of the code in the system, following the rules of the system.","","Need to be able to carry a human-readable meaning of the code for readers that do not know  the system.","","","","","","","",,,,,"",,,,"",0,null,"","","CV.displayName"
"Composition.type.coding.userSelected","","","",0,1,"","","Y","boolean {[]} {[]}
","If this coding was chosen directly by the user","Indicates that this coding was chosen by a user directly - i.e. off a pick list of available items (codes or displays).","Amongst a set of alternatives, a directly chosen code is the most appropriate starting point for new translations. There is some ambiguity about what exactly 'directly chosen' implies, and trading partner agreement may be needed to clarify the use of this element and its consequences more completely.","This has been identified as a clinical safety criterium - that this exact system/code pair was chosen explicitly, rather than inferred by the system based on some rules or language processing.","","","","","","","",,,,,"",,,,"",0,null,"","","CD.codingRationale"
"Composition.type.text","","","",0,1,"","","Y","string {[]} {[]}
","Plain text representation of the concept","A human language representation of the concept as seen/selected/uttered by the user who entered the data and/or which represents the intended meaning of the user.","Very often the text is the same as a displayName of one of the codings.","The codes from the terminologies do not always capture the correct meaning with all the nuances of the human using them, or sometimes there is no appropriate code at all. In these cases, the text is used to capture the full meaning of the source.","","","","","","","",,,,,"",,,,"",0,null,"","","./originalText[mediaType/code=""text/plain""]/data"
"Composition.class","","","",0,1,"","","Y","CodeableConcept {[]} {[]}
","Categorization of Composition","A categorization for the type of the composition - helps for indexing and searching. This may be implied by or derived from the code specified in the Composition Type.","This is a metadata field from [XDS/MHD](http://wiki.ihe.net/index.php?title=Mobile_access_to_Health_Documents_(MHD)).","Helps humans to assess whether the composition is of interest when viewing an index of compositions or documents.","","","","","","","",,"example","High-level kind of a clinical document at a macro level.","http://hl7.org/fhir/ValueSet/doc-classcodes","",,,,"",0,null,"","",".outboundRelationship[typeCode=""COMP].target[classCode=""LIST"", moodCode=""EVN""].code","n/a","class"
"Composition.subject","","","",1,1,"","","Y","Reference {[]} {[CanonicalType[http://hl7.org/fhir/us/odh/StructureDefinition/shr-core-DomainResource]]}
","Who and/or what the composition is about","Who or what the composition is about. The composition can be about a person, (patient or healthcare practitioner), a device (e.g. a machine) or even a group of subjects (such as a document about a herd of livestock, or a set of patients that share a common exposure).","For clinical documents, this is usually the patient.","Essential metadata for searching for the composition. Identifies who and/or what the composition/document is about.","","","","","","","",,,,,"",,,,"",0,null,"","",".participation[typeCode=""SBJ""].role[typeCode=""PAT""]",".recordTarget","who.focus"
"Composition.encounter","","","",0,1,"","","Y","Reference {[]} {[CanonicalType[http://hl7.org/fhir/us/odh/StructureDefinition/shr-core-Encounter]]}
","Context of the Composition","Describes the clinical encounter or type of care this documentation is associated with.","","Provides context for the composition and supports searching.","","","","","","","",,,,,"",,,,"",0,null,"","","unique(highest(./outboundRelationship[typeCode=""SUBJ"" and isNormalActRelationship()], priorityNumber)/target[moodCode=""EVN"" and classCode=(""ENC"", ""PCPR"") and isNormalAct])",".componentOf.encompassingEncounter","context"
"Composition.date","","","",1,1,"","","Y","dateTime {[]} {[]}
","Composition editing time","The composition editing time, when the composition was last logically changed by the author.","The Last Modified Date on the composition may be after the date of the document was attested without being changed.","dateTime is used for tracking, organizing versions and searching.","","","","","","","",,,,,"",,,,"",0,null,"","",".effectiveTime[type=""TS""]",".effectiveTime","when.done"
"Composition.author","","","",1,*,"","","Y","Reference {[]} {[CanonicalType[http://hl7.org/fhir/us/odh/StructureDefinition/shr-core-Practitioner], CanonicalType[http://hl7.org/fhir/us/odh/StructureDefinition/shr-core-Device], CanonicalType[http://hl7.org/fhir/us/odh/StructureDefinition/shr-core-Patient], CanonicalType[http://hl7.org/fhir/us/odh/StructureDefinition/shr-core-RelatedPerson]]}
","Who and/or what authored the composition","Identifies who is responsible for the information in the composition, not necessarily who typed it in.","","Identifies who is responsible for the content.","","","","","","","",,,,,"",,,,"Composition.author",1,*,"","",".participation[typeCode=""AUT""].role[classCode=""ASSIGNED""]",".author.assignedAuthor","who.author"
"Composition.title","","","",1,1,"","","Y","string {[]} {[]}
","Human Readable name/title","Official human-readable label for the composition.","For many compositions, the title is the same as the text or a display name of Composition.type (e.g. a ""consultation"" or ""progress note""). Note that CDA does not make title mandatory, but there are no known cases where it is useful for title to be omitted, so it is mandatory here. Feedback on this requirement is welcome during the trial use period.","","","","","","","","",,,,,"",,,,"",0,null,"","","./title",".title"
"Composition.confidentiality","","","",0,1,"","Y","Y","code {[]} {[]}
","As defined by affinity domain","The code specifying the level of confidentiality of the Composition.","The exact use of this element, and enforcement and issues related to highly sensitive documents are out of scope for the base specification, and delegated to implementation profiles (see security section).

This element is labeled as a modifier because highly confidential documents must not be treated as if they are not.","","","","","","","","",,"required","Codes specifying the level of confidentiality of the composition.","http://hl7.org/fhir/ValueSet/v3-ConfidentialityClassification","",,,,"",0,null,"","",".confidentialityCode",".confidentialityCode"
"Composition.attester","","","",0,*,"","","Y","BackboneElement {[]} {[]}
","Attests to accuracy of composition","A participant who has attested to the accuracy of the composition/document.","Only list each attester once.","Identifies responsibility for the accuracy of the composition content.","","","","","","","",,,,,"",,,,"",0,null,"","ele-1:All FHIR elements must have a @value or children {hasValue() | (children().count() > id.count())}
",".participation[typeCode=""AUTHEN""].role[classCode=""ASSIGNED""]",".authenticator/.legalAuthenticator"
"Composition.attester.id","","","",0,1,"","","","string {[]} {[]}
","xml:id (or equivalent in JSON)","unique id for the element within a resource (for internal references). This may be any string value that does not contain spaces.","","","","","","","","","",,,,,"",,,,"Element.id",0,1,"","","n/a"
"Composition.attester.extension","","extensions
user content","",0,*,"","","","Extension {[]} {[]}
","Additional Content defined by implementations","May be used to represent additional information that is not part of the basic definition of the element. In order to make the use of extensions safe and manageable, there is a strict set of governance  applied to the definition and use of extensions. Though any implementer is allowed to define an extension, there is a set of requirements that SHALL be met as part of the definition of the extension.","There can be no stigma associated with the use of extensions by any application, project, or standard - regardless of the institution or jurisdiction that uses or defines the extensions.  The use of extensions is what allows the FHIR specification to retain a core level of simplicity for everyone.","","","","","","","","",,,,,"",,,,"Element.extension",0,*,"","","n/a"
"Composition.attester.modifierExtension","","extensions
user contentmodifiers","",0,*,"","Y","Y","Extension {[]} {[]}
","Extensions that cannot be ignored","May be used to represent additional information that is not part of the basic definition of the element, and that modifies the understanding of the element that contains it. Usually modifier elements provide negation or qualification. In order to make the use of extensions safe and manageable, there is a strict set of governance applied to the definition and use of extensions. Though any implementer is allowed to define an extension, there is a set of requirements that SHALL be met as part of the definition of the extension. Applications processing a resource are required to check for modifier extensions.","There can be no stigma associated with the use of extensions by any application, project, or standard - regardless of the institution or jurisdiction that uses or defines the extensions.  The use of extensions is what allows the FHIR specification to retain a core level of simplicity for everyone.","","","","","","","","",,,,,"",,,,"BackboneElement.modifierExtension",0,*,"","","N/A"
"Composition.attester.mode","","","",1,*,"","","Y","code {[]} {[]}
","personal | professional | legal | official","The type of attestation the authenticator offers.","Use more than one code where a single attester has more than one mode (professional and legal are often paired).","Indicates the level of authority of the attestation.","","","","","","","",,"required","The way in which a person authenticated a composition.","http://hl7.org/fhir/ValueSet/composition-attestation-mode","",,,,"",0,null,"","","unique(./modeCode)","implied by .authenticator/.legalAuthenticator"
"Composition.attester.time","","","",0,1,"","","Y","dateTime {[]} {[]}
","When the composition was attested","When the composition was attested by the party.","","Identifies when the information in the composition was deemed accurate.  (Things may have changed since then.).","","","","","","","",,,,,"",,,,"",0,null,"","","./time[type=""TS"" and isNormalDatatype()]",".authenticator.time"
"Composition.attester.party","","","",0,1,"","","Y","Reference {[]} {[CanonicalType[http://hl7.org/fhir/us/odh/StructureDefinition/shr-core-Patient], CanonicalType[http://hl7.org/fhir/us/odh/StructureDefinition/shr-core-Practitioner], CanonicalType[http://hl7.org/fhir/us/odh/StructureDefinition/shr-core-Organization]]}
","Who attested the composition","Who attested the composition in the specified way.","","Identifies who has taken on the responsibility for accuracy of the composition content.","","","","","","","",,,,,"",,,,"",0,null,"","","./role[classCode=""ASSIGNED"" and isNormalRole]/player[determinerCode=""INST"" and classCode=(""DEV"", ""PSN"") and isNormalEntity()] or ./role[classCode=""ASSIGNED"" and isNormalRole and not(player)]/scoper[determinerCode=""INST"" and classCode=""ORG"" and isNormalEntity()]",".authenticator.assignedEnttty","who.witness"
"Composition.custodian","","","",0,1,"","","Y","Reference {[]} {[CanonicalType[http://hl7.org/fhir/us/odh/StructureDefinition/shr-core-Organization]]}
","Organization which maintains the composition","Identifies the organization or group who is responsible for ongoing maintenance of and access to the composition/document information.","This is useful when documents are derived from a composition - provides guidance for how to get the latest version of the document. This is optional because this is sometimes not known by the authoring system, and can be inferred by context. However, it is important that this information be known when working with a derived document, so providing a custodian is encouraged.","Identifies where to go to find the current version, where to report issues, etc.","","","","","","","",,,,,"",,,,"",0,null,"","",".participation[typeCode=""RCV""].role[classCode=""CUST""].scoper[classCode=""ORG"" and determinerCode=""INST""]",".custodian.assignedCustodian"
"Composition.relatesTo","","","",0,*,"","","Y","BackboneElement {[]} {[]}
","Relationships to other compositions/documents","Relationships that this composition has with other compositions or documents that already exist.","A document is a version specific composition.","","","","","","","","",,,,,"",,,,"",0,null,"","ele-1:All FHIR elements must have a @value or children {hasValue() | (children().count() > id.count())}
",".outboundRelationship",".relatedDocument"
"Composition.relatesTo.id","","","",0,1,"","","","string {[]} {[]}
","xml:id (or equivalent in JSON)","unique id for the element within a resource (for internal references). This may be any string value that does not contain spaces.","","","","","","","","","",,,,,"",,,,"Element.id",0,1,"","","n/a"
"Composition.relatesTo.extension","","extensions
user content","",0,*,"","","","Extension {[]} {[]}
","Additional Content defined by implementations","May be used to represent additional information that is not part of the basic definition of the element. In order to make the use of extensions safe and manageable, there is a strict set of governance  applied to the definition and use of extensions. Though any implementer is allowed to define an extension, there is a set of requirements that SHALL be met as part of the definition of the extension.","There can be no stigma associated with the use of extensions by any application, project, or standard - regardless of the institution or jurisdiction that uses or defines the extensions.  The use of extensions is what allows the FHIR specification to retain a core level of simplicity for everyone.","","","","","","","","",,,,,"",,,,"Element.extension",0,*,"","","n/a"
"Composition.relatesTo.modifierExtension","","extensions
user contentmodifiers","",0,*,"","Y","Y","Extension {[]} {[]}
","Extensions that cannot be ignored","May be used to represent additional information that is not part of the basic definition of the element, and that modifies the understanding of the element that contains it. Usually modifier elements provide negation or qualification. In order to make the use of extensions safe and manageable, there is a strict set of governance applied to the definition and use of extensions. Though any implementer is allowed to define an extension, there is a set of requirements that SHALL be met as part of the definition of the extension. Applications processing a resource are required to check for modifier extensions.","There can be no stigma associated with the use of extensions by any application, project, or standard - regardless of the institution or jurisdiction that uses or defines the extensions.  The use of extensions is what allows the FHIR specification to retain a core level of simplicity for everyone.","","","","","","","","",,,,,"",,,,"BackboneElement.modifierExtension",0,*,"","","N/A"
"Composition.relatesTo.code","","","",1,1,"","","Y","code {[]} {[]}
","replaces | transforms | signs | appends","The type of relationship that this composition has with anther composition or document.","If this document appends another document, then the document cannot be fully understood without also accessing the referenced document.","","","","","","","","",,"required","The type of relationship between documents.","http://hl7.org/fhir/ValueSet/document-relationship-type","",,,,"",0,null,"","",".outboundRelationship.typeCode",".relatedDocument.typeCode"
"Composition.relatesTo.target[x]","","","",1,1,"","","Y","Identifier {[]} {[]}
Reference {[]} {[CanonicalType[http://hl7.org/fhir/us/odh/StructureDefinition/shr-core-Composition]]}","Target of the relationship","The target composition/document of this relationship.","","","","","","","","","",,,,,"",,,,"",0,null,"","",".target[classCode=""DOC"", moodCode=""EVN""].id",".relatedDocument.id"
"Composition.event","","","",0,*,"","","Y","BackboneElement {[]} {[]}
","The clinical service(s) being documented","The clinical service, such as a colonoscopy or an appendectomy, being documented.","The event needs to be consistent with the type element, though can provide further information if desired.","Provides context for the composition and creates a linkage between a resource describing an event and the composition created describing the event.","","","","","","","",,,,,"",,,,"",0,null,"","ele-1:All FHIR elements must have a @value or children {hasValue() | (children().count() > id.count())}
","outboundRelationship[typeCode=""SUBJ""].target[classCode<'ACT']",".documentationOf.serviceEvent"
"Composition.event.id","","","",0,1,"","","","string {[]} {[]}
","xml:id (or equivalent in JSON)","unique id for the element within a resource (for internal references). This may be any string value that does not contain spaces.","","","","","","","","","",,,,,"",,,,"Element.id",0,1,"","","n/a"
"Composition.event.extension","","extensions
user content","",0,*,"","","","Extension {[]} {[]}
","Additional Content defined by implementations","May be used to represent additional information that is not part of the basic definition of the element. In order to make the use of extensions safe and manageable, there is a strict set of governance  applied to the definition and use of extensions. Though any implementer is allowed to define an extension, there is a set of requirements that SHALL be met as part of the definition of the extension.","There can be no stigma associated with the use of extensions by any application, project, or standard - regardless of the institution or jurisdiction that uses or defines the extensions.  The use of extensions is what allows the FHIR specification to retain a core level of simplicity for everyone.","","","","","","","","",,,,,"",,,,"Element.extension",0,*,"","","n/a"
"Composition.event.modifierExtension","","extensions
user contentmodifiers","",0,*,"","Y","Y","Extension {[]} {[]}
","Extensions that cannot be ignored","May be used to represent additional information that is not part of the basic definition of the element, and that modifies the understanding of the element that contains it. Usually modifier elements provide negation or qualification. In order to make the use of extensions safe and manageable, there is a strict set of governance applied to the definition and use of extensions. Though any implementer is allowed to define an extension, there is a set of requirements that SHALL be met as part of the definition of the extension. Applications processing a resource are required to check for modifier extensions.","There can be no stigma associated with the use of extensions by any application, project, or standard - regardless of the institution or jurisdiction that uses or defines the extensions.  The use of extensions is what allows the FHIR specification to retain a core level of simplicity for everyone.","","","","","","","","",,,,,"",,,,"BackboneElement.modifierExtension",0,*,"","","N/A"
"Composition.event.code","","","",0,*,"","","Y","CodeableConcept {[]} {[]}
","Code(s) that apply to the event being documented","This list of codes represents the main clinical acts, such as a colonoscopy or an appendectomy, being documented. In some cases, the event is inherent in the typeCode, such as a ""History and Physical Report"" in which the procedure being documented is necessarily a ""History and Physical"" act.","An event can further specialize the act inherent in the typeCode, such as where it is simply ""Procedure Report"" and the procedure was a ""colonoscopy"". If one or more eventCodes are included, they SHALL NOT conflict with the values inherent in the classCode, practiceSettingCode or typeCode, as such a conflict would create an ambiguous situation. This short list of codes is provided to be used as key words for certain types of queries.","","","","","","","","",,"example","This list of codes represents the main clinical acts being documented.","http://hl7.org/fhir/ValueSet/v3-ActCode","",,,,"",0,null,"","",".code",".code"
"Composition.event.period","","","",0,1,"","","Y","Period {[]} {[]}
","The period covered by the documentation","The period of time covered by the documentation. There is no assertion that the documentation is a complete representation for this period, only that it documents events during this time.","","","","","","","","","",,,,,"",,,,"",0,null,"","",".effectiveTime",".effectiveTime"
"Composition.event.detail","","","",0,*,"","","Y","Reference {[]} {[CanonicalType[http://hl7.org/fhir/us/odh/StructureDefinition/shr-core-DomainResource]]}
","The event(s) being documented","The description and/or reference of the event(s) being documented. For example, this could be used to document such a colonoscopy or an appendectomy.","","","","","","","","","",,,,,"",,,,"",0,null,"","",".outboundRelationship[typeCode=""SUBJ""].target","n/a"
"Composition.section","","","",1,1,"","","","BackboneElement {[]} {[]}
","Composition is broken into sections","The root of the sections that make up the composition.","","","","","","","","","",,,,,"",,,,"Composition.section",0,*,"","ele-1:All FHIR elements must have a @value or children {hasValue() | (children().count() > id.count())}
cmp-1:A section must at least one of text, entries, or sub-sections {text.exists() or entry.exists() or section.exists()}cmp-2:A section can only have an emptyReason if it is empty {emptyReason.empty() or entry.empty()}","./outboundRelationship[typeCode=""COMP"" and isNormalActRelationship()]/target[moodCode=""EVN"" and classCode=""DOCSECT"" and isNormalAct]",".component.structuredBody.component.section"
"Composition.section.id","","","",0,1,"","","","string {[]} {[]}
","xml:id (or equivalent in JSON)","unique id for the element within a resource (for internal references). This may be any string value that does not contain spaces.","","","","","","","","","",,,,,"",,,,"Element.id",0,1,"","","n/a"
"Composition.section.extension","","extensions
user content","",0,*,"","","","Extension {[]} {[]}
","Additional Content defined by implementations","May be used to represent additional information that is not part of the basic definition of the element. In order to make the use of extensions safe and manageable, there is a strict set of governance  applied to the definition and use of extensions. Though any implementer is allowed to define an extension, there is a set of requirements that SHALL be met as part of the definition of the extension.","There can be no stigma associated with the use of extensions by any application, project, or standard - regardless of the institution or jurisdiction that uses or defines the extensions.  The use of extensions is what allows the FHIR specification to retain a core level of simplicity for everyone.","","","","","","","","",,,,,"","value:url}
","",,"open","Element.extension",0,*,"","","n/a"
"Composition.section.extension","author","","",0,*,"","","","Extension {[CanonicalType[http://hl7.org/fhir/us/odh/StructureDefinition/shr-core-Author-extension]]} {[]}
","","The actor who created the item and it responsible for the content (regardless of the information source or who recorded it). If only the author is given, it is assumed the author is the information source and the recorder.","","","","","","","","","",,,,,"",,,,"Element.extension",0,*,"",""
"Composition.section.modifierExtension","","extensions
user contentmodifiers","",0,*,"","Y","Y","Extension {[]} {[]}
","Extensions that cannot be ignored","May be used to represent additional information that is not part of the basic definition of the element, and that modifies the understanding of the element that contains it. Usually modifier elements provide negation or qualification. In order to make the use of extensions safe and manageable, there is a strict set of governance applied to the definition and use of extensions. Though any implementer is allowed to define an extension, there is a set of requirements that SHALL be met as part of the definition of the extension. Applications processing a resource are required to check for modifier extensions.","There can be no stigma associated with the use of extensions by any application, project, or standard - regardless of the institution or jurisdiction that uses or defines the extensions.  The use of extensions is what allows the FHIR specification to retain a core level of simplicity for everyone.","","","","","","","","",,,,,"","value:url}
","",,"open","BackboneElement.modifierExtension",0,*,"","","N/A"
"Composition.section.modifierExtension","focalsubject","","",0,1,"Y","Y","Y","Extension {[CanonicalType[http://hl7.org/fhir/us/odh/StructureDefinition/shr-core-FocalSubject-extension]]} {[]}
","","The person or entity that the information in this resource relates to, if different than the person of record. The subject of information can be a reference or a code, the latter when the subject is described generically, for example, in terms of a relationship to the subject of record (e.g., wife).","","","","","","","","","",,,,,"",,,,"BackboneElement.modifierExtension",0,*,"",""
"Composition.section.modifierExtension.id","","","",0,1,"","","","string {[]} {[]}
","xml:id (or equivalent in JSON)","unique id for the element within a resource (for internal references). This may be any string value that does not contain spaces.","","","","","","","","","",,,,,"",,,,"Element.id",0,1,"","","N/A"
"Composition.section.modifierExtension.extension","","","",0,0,"","","","Extension {[]} {[]}
","Extension","An Extension","","","","","","","","","",,,,,"",,,,"Element.extension",0,*,"",""
"Composition.section.modifierExtension.url","","","",1,1,"","","","uri {[]} {[]}
","identifies the meaning of the extension","Source of the definition for the extension code - a logical name or a URL.","","","","","<valueUri xmlns=""http://hl7.org/fhir"" value=""http://hl7.org/fhir/us/odh/StructureDefinition/shr-core-FocalSubject-extension""/>","","","","",,,,,"",,,,"Extension.url",1,1,"","","N/A"
"Composition.section.modifierExtension.valueReference","","","",1,1,"","","","Reference {[]} {[CanonicalType[http://hl7.org/fhir/us/odh/StructureDefinition/shr-core-DomainResource]]}
","DomainResource","Parent class for any item in clinical or administrative health-related system. A DomainResource can belong to a single person's health record, or represent an entity that surfaces in multiple records, such as organizations, providers, payments, decision support artifacts, etc.

Note to FHIR implementers: SHR includes Status and Identifier fields on DomainResource because these two attributes occur in almost every FHIR resource. The most significant exception are 3 or 4 resources that use an 'active' flag instead of coded status value. There is no apparent pattern to this inconsistency. FHIR resources that use a coded status have active and inactive as status values. In the spirit of providing a consistent object-oriented logical model for FHIR, SHR uses status across all domain resources.","","","","","","","","","",,,,,"",,,,"Extension.value[x]",0,1,"","","N/A"
"Composition.section.title","","header
labelcaption","",0,1,"","","","string {[]} {[]}
","Label for section (e.g. for ToC)","The label for this particular section.  This will be part of the rendered content for the document, and is often used to build a table of contents.","The title identifies the section for a human reader. The title must be consistent with the narrative of the resource that is the target of the section.content reference. Generally, sections SHOULD have titles, but in some documents, it is unnecessary or inappropriate. Typically, this is where a section has subsections that have their own adequately distinguishing title,  or documents that only have a single section. Most Implementation Guides will make section title to be a required element.","Section headings are often standardized for different types of documents.  They give guidance to humans on how the document is organized.","","","","","","","",,,,,"",,,,"",0,null,"","","./title",".title"
"Composition.section.code","","","",0,1,"","","","CodeableConcept {[]} {[]}
","Classification of section (recommended)","A code identifying the kind of content contained within the section. This must be consistent with the section title.","The code identifies the section for an automated processor of the document. This is particularly relevant when using profiles to control the structure of the document.   If the section has content (instead of sub-sections), the section.code does not change the meaning or interpretation of the resource that is the content of the section in the comments for the section.code.","Provides computable standardized labels to topics within the document.","","","","","","","",,"example","Classification of a section of a composition/document.","http://hl7.org/fhir/ValueSet/doc-section-codes","",,,,"",0,null,"","","./code",".code"
"Composition.section.text","","","",0,1,"","","","Narrative {[]} {[]}
","Text summary of the section, for human interpretation","A human-readable narrative that contains the attested content of the section, used to represent the content of the resource to a human. The narrative need not encode all the structured data, but is required to contain sufficient detail to make it ""clinically safe"" for a human to just read the narrative.","Document profiles may define what content should be represented in the narrative to ensure clinical safety.","","","","","","","","",,,,,"",,,,"",0,null,"cmp-1
","",".text",".text"
"Composition.section.mode","","","",0,1,"","Y","Y","code {[]} {[]}
","working | snapshot | changes","How the entry list was prepared - whether it is a working list that is suitable for being maintained on an ongoing basis, or if it represents a snapshot of a list of items from another source, or whether it is a prepared list where items may be marked as added, modified or deleted.","This element is labeled as a modifier because a change list must not be mis-understood as a complete list.","Sections are used in various ways, and it must be known in what way it is safe to use the entries in them.","","","","","","","",,"required","The processing mode that applies to this section.","http://hl7.org/fhir/ValueSet/list-mode","",,,,"",0,null,"","",".outBoundRelationship[typeCode=COMP].target[classCode=OBS""].value","n/a","class"
"Composition.section.orderedBy","","","",0,1,"","","","CodeableConcept {[]} {[]}
","Order of section entries","Specifies the order applied to the items in the section entries.","Applications SHOULD render ordered lists in the order provided, but MAY allow users to re-order based on their own preferences as well. If there is no order specified, the order is unknown, though there may still be some order.","Important for presentation and rendering.  Lists may be sorted to place more important information first or to group related entries.","","","","","","","",,"preferred","What order applies to the items in the entry.","http://hl7.org/fhir/ValueSet/list-order","",,,,"",0,null,"","",".outboundRelationship[typeCode=COMP].sequenceNumber > 1","n/a"
"Composition.section.entry","","","",0,*,"","","","Reference {[]} {[CanonicalType[http://hl7.org/fhir/us/odh/StructureDefinition/shr-core-DomainResource]]}
","A reference to data that supports this section","A reference to the actual resource from which the narrative in the section is derived.","If there are no entries in the list, an emptyReason SHOULD be provided.","","","","","","","","",,,,,"","profile:reference.resolve()}
","",,"open","",0,null,"cmp-2
","",".outboundRelationship[typeCode=COMP] or  .participation[typeCode=SBJ]",".entry"
"Composition.section.entry","odh-EmploymentStatus","","",0,*,"","","","Reference {[]} {[CanonicalType[http://hl7.org/fhir/us/odh/StructureDefinition/odh-EmploymentStatus]]}
","EmploymentStatus","The self-reported current and/or historical status about a persons economic relationship to work (e.g. having one or more jobs), including start and end dates. A persons Employment Status could change over time, for example, a person could be employed following a period of choosing to not be in the labor force. Outside of ODH, the employment arrangement between an employer and a person (one job) has sometimes been referred to as a persons employment status. However, in ODH, Employment Status is used to characterize a person, Work Classification is used to characterize a job, and Retirement Date is used to characterize a person as retired.","","","","","","","","","",,,,,"",,,,"Composition.section.entry",0,*,"cmp-2
","",".outboundRelationship[typeCode=COMP] or  .participation[typeCode=SBJ]",".entry"
"Composition.section.entry","odh-RetirementDate","","",0,*,"","","","Reference {[]} {[CanonicalType[http://hl7.org/fhir/us/odh/StructureDefinition/odh-RetirementDate]]}
","RetirementDate","A self-reported date that a person considers themselves to have retired. A person can be both retired and employed (an Employment Status); most often, a person would be retired from one job and employed in another job. A person also can have more than one retirement date; for example, a person could retire from military service, then later retire from a civilian job. Multiple retirement dates should be recorded using multiple instance of this profile. Outside of ODH, a characterization of the employment arrangement between an employer and a person (one job) has sometimes been referred to as a persons employment status and might include values such as retired. However, in ODH, Employment Status is used to characterize a persons relationship to working (e.g., employed, unemployed) and Retirement Date is used to characterize whether or not a person self-identifies as retired. For example, a person could be employed (Employment Status) and have retired from a previous job (recorded at the Person level as a Retirement Date).","","","","","","","","","",,,,,"",,,,"Composition.section.entry",0,*,"cmp-2
","",".outboundRelationship[typeCode=COMP] or  .participation[typeCode=SBJ]",".entry"
"Composition.section.entry","odh-CombatZonePeriod","","",0,*,"","","","Reference {[]} {[CanonicalType[http://hl7.org/fhir/us/odh/StructureDefinition/odh-CombatZonePeriod]]}
","CombatZonePeriod","Self-reported date range(s) when a person worked in what is considered a combat zone; sometimes called a hazardous duty work. Both civilian workers, such as Department of Defense contractors, and military service members could have worked in combat zones. Multiple periods in combat zone should be recorded using multiple instances of this profile.","","","","","","","","","",,,,,"",,,,"Composition.section.entry",0,*,"cmp-2
","",".outboundRelationship[typeCode=COMP] or  .participation[typeCode=SBJ]",".entry"
"Composition.section.entry","odh-UsualWork","","",0,1,"","","","Reference {[]} {[CanonicalType[http://hl7.org/fhir/us/odh/StructureDefinition/odh-UsualWork]]}
","UsualWork","Related data elements about the work a person reports having performed for the longest amount of time during his or her life, regardless of the persons current job and regardless of whether or not the person performed this work for a continuous time. Knowledge of persons Usual Work can potentially assist in diagnosis, treatment and/or prevention of chronic condition(s) or conditions with a long latency. The potential for exposure to Occupational Hazard(s) related to an Occupation and/or an Industry can change over time, and a person could have been in and out of their Usual Work over time, so additional data are helpful to fully evaluate the possible impact of the persons Usual Work on their health and guide appropriate use of screening tests to detect early disease. Example: a person has worked for a total of 30 years as a building carpenter (Occupation), but in various industries, mostly hotel construction. Her Usual Occupation is building carpenter and her Usual Industry is hotel construction. Usual Work does not include work that was unpaid or voluntary.","","","","","","","","","",,,,,"",,,,"Composition.section.entry",0,*,"cmp-2
","",".outboundRelationship[typeCode=COMP] or  .participation[typeCode=SBJ]",".entry"
"Composition.section.entry","odh-PastOrPresentJob","","",0,*,"","","","Reference {[]} {[CanonicalType[http://hl7.org/fhir/us/odh/StructureDefinition/odh-PastOrPresentJob]]}
","PastOrPresentJob","Related data elements for a current or previous job, as reported by the person, i.e., a work situation or position held for a specified time period. A person can have more than one job at the same time and multiple jobs over time, so the data related to each job must remain in the record in perpetuity. Each job should be recorded in a separate instance of PastOrPresentJob. A persons job can be a social determinant of their health and information about a persons job can support patient care, population health, and public health. In patient care, knowledge of a persons past or present job(s) can impact recognition, diagnosis, management, and treatment of injuries and illnesses. These data also can be used for clinical decision support and to prompt discussion of preventive care measures. For example, a record of jobs that require prolonged time in the sun might prompt a health care provider to inquire if the person wears protective clothing or sunscreen while working. At a minimum, it is important to have a record of a persons current job(s); i.e., the job(s) in which a person is engaged at the time that he or she presents to a health care provider, regardless of duration, and to retain that information over time. In the event a person recently stopped working (e.g. retired without another job, became unemployed or disabled and unable to work), the most recent job(s) is used instead of the current job(s).","","","","","","","","","",,,,,"",,,,"Composition.section.entry",0,*,"cmp-2
","",".outboundRelationship[typeCode=COMP] or  .participation[typeCode=SBJ]",".entry"
"Composition.section.emptyReason","","","",0,1,"","","","CodeableConcept {[]} {[]}
","Why the section is empty","If the section is empty, why the list is empty. An empty section typically has some text explaining the empty reason.","The various reasons for an empty section make a significant interpretation to its interpretation. Note that this code is for use when the entire section content has been suppressed, and not for when individual items are omitted - implementers may consider using a text note or a flag on an entry in these cases.","Allows capturing things like ""none exist"" or ""not asked"" which can be important for most lists.","","","","","","","",,"preferred","If a section is empty, why it is empty.","http://hl7.org/fhir/ValueSet/list-empty-reason","",,,,"",0,null,"cmp-2
","",".inboundRelationship[typeCode=SUBJ,code<{ListEmptyReason}].value[type=CD]","n/a"
"Composition.section.section","","","",0,*,"","","","BackboneElement {[]} {[]}
","Nested Section","A nested sub-section within this section.","Nested sections are primarily used to help human readers navigate to particular portions of the document.","","","","","","","","",,,,,"",,,,"",0,null,"cmp-1
","","./outboundRelationship[typeCode=""COMP"" and isNormalActRelationship()]/target[moodCode=""EVN"" and classCode=""DOCSECT"" and isNormalAct]",".component.section"
"Composition.section.section.id","","","",0,1,"","","","string {[]} {[]}
","xml:id (or equivalent in JSON)","unique id for the element within a resource (for internal references). This may be any string value that does not contain spaces.","","","","","","","","","",,,,,"",,,,"Element.id",0,1,"","","n/a"
"Composition.section.section.extension","","extensions
user content","",0,*,"","","","Extension {[]} {[]}
","Additional Content defined by implementations","May be used to represent additional information that is not part of the basic definition of the element. In order to make the use of extensions safe and manageable, there is a strict set of governance  applied to the definition and use of extensions. Though any implementer is allowed to define an extension, there is a set of requirements that SHALL be met as part of the definition of the extension.","There can be no stigma associated with the use of extensions by any application, project, or standard - regardless of the institution or jurisdiction that uses or defines the extensions.  The use of extensions is what allows the FHIR specification to retain a core level of simplicity for everyone.","","","","","","","","",,,,,"",,,,"Element.extension",0,*,"","","n/a"
"Composition.section.section.modifierExtension","","extensions
user contentmodifiers","",0,*,"","Y","Y","Extension {[]} {[]}
","Extensions that cannot be ignored","May be used to represent additional information that is not part of the basic definition of the element, and that modifies the understanding of the element that contains it. Usually modifier elements provide negation or qualification. In order to make the use of extensions safe and manageable, there is a strict set of governance applied to the definition and use of extensions. Though any implementer is allowed to define an extension, there is a set of requirements that SHALL be met as part of the definition of the extension. Applications processing a resource are required to check for modifier extensions.","There can be no stigma associated with the use of extensions by any application, project, or standard - regardless of the institution or jurisdiction that uses or defines the extensions.  The use of extensions is what allows the FHIR specification to retain a core level of simplicity for everyone.","","","","","","","","",,,,,"",,,,"BackboneElement.modifierExtension",0,*,"","","N/A"
"Composition.section.section.title","","header
labelcaption","",0,1,"","","","string {[]} {[]}
","Label for section (e.g. for ToC)","The label for this particular section.  This will be part of the rendered content for the document, and is often used to build a table of contents.","The title identifies the section for a human reader. The title must be consistent with the narrative of the resource that is the target of the section.content reference. Generally, sections SHOULD have titles, but in some documents, it is unnecessary or inappropriate. Typically, this is where a section has subsections that have their own adequately distinguishing title,  or documents that only have a single section. Most Implementation Guides will make section title to be a required element.","Section headings are often standardized for different types of documents.  They give guidance to humans on how the document is organized.","","","","","","","",,,,,"",,,,"",0,null,"","","./title",".title"
"Composition.section.section.code","","","",0,1,"","","","CodeableConcept {[]} {[]}
","Classification of section (recommended)","A code identifying the kind of content contained within the section. This must be consistent with the section title.","The code identifies the section for an automated processor of the document. This is particularly relevant when using profiles to control the structure of the document.   If the section has content (instead of sub-sections), the section.code does not change the meaning or interpretation of the resource that is the content of the section in the comments for the section.code.","Provides computable standardized labels to topics within the document.","","","","","","","",,"example","Classification of a section of a composition/document.","http://hl7.org/fhir/ValueSet/doc-section-codes","",,,,"",0,null,"","","./code",".code"
"Composition.section.section.text","","","",0,1,"","","","Narrative {[]} {[]}
","Text summary of the section, for human interpretation","A human-readable narrative that contains the attested content of the section, used to represent the content of the resource to a human. The narrative need not encode all the structured data, but is required to contain sufficient detail to make it ""clinically safe"" for a human to just read the narrative.","Document profiles may define what content should be represented in the narrative to ensure clinical safety.","","","","","","","","",,,,,"",,,,"",0,null,"cmp-1
","",".text",".text"
"Composition.section.section.mode","","","",0,1,"","Y","Y","code {[]} {[]}
","working | snapshot | changes","How the entry list was prepared - whether it is a working list that is suitable for being maintained on an ongoing basis, or if it represents a snapshot of a list of items from another source, or whether it is a prepared list where items may be marked as added, modified or deleted.","This element is labeled as a modifier because a change list must not be mis-understood as a complete list.","Sections are used in various ways, and it must be known in what way it is safe to use the entries in them.","","","","","","","",,"required","The processing mode that applies to this section.","http://hl7.org/fhir/ValueSet/list-mode","",,,,"",0,null,"","",".outBoundRelationship[typeCode=COMP].target[classCode=OBS""].value","n/a","class"
"Composition.section.section.orderedBy","","","",0,1,"","","","CodeableConcept {[]} {[]}
","Order of section entries","Specifies the order applied to the items in the section entries.","Applications SHOULD render ordered lists in the order provided, but MAY allow users to re-order based on their own preferences as well. If there is no order specified, the order is unknown, though there may still be some order.","Important for presentation and rendering.  Lists may be sorted to place more important information first or to group related entries.","","","","","","","",,"preferred","What order applies to the items in the entry.","http://hl7.org/fhir/ValueSet/list-order","",,,,"",0,null,"","",".outboundRelationship[typeCode=COMP].sequenceNumber > 1","n/a"
"Composition.section.section.entry","","","",0,*,"","","","Reference {[]} {[CanonicalType[http://hl7.org/fhir/StructureDefinition/Resource]]}
","A reference to data that supports this section","A reference to the actual resource from which the narrative in the section is derived.","If there are no entries in the list, an emptyReason SHOULD be provided.","","","","","","","","",,,,,"",,,,"",0,null,"cmp-2
","",".outboundRelationship[typeCode=COMP] or  .participation[typeCode=SBJ]",".entry"
"Composition.section.section.emptyReason","","","",0,1,"","","","CodeableConcept {[]} {[]}
","Why the section is empty","If the section is empty, why the list is empty. An empty section typically has some text explaining the empty reason.","The various reasons for an empty section make a significant interpretation to its interpretation. Note that this code is for use when the entire section content has been suppressed, and not for when individual items are omitted - implementers may consider using a text note or a flag on an entry in these cases.","Allows capturing things like ""none exist"" or ""not asked"" which can be important for most lists.","","","","","","","",,"preferred","If a section is empty, why it is empty.","http://hl7.org/fhir/ValueSet/list-empty-reason","",,,,"",0,null,"cmp-2
","",".inboundRelationship[typeCode=SUBJ,code<{ListEmptyReason}].value[type=CD]","n/a"
"Composition.section.section.section","","","",0,*,"","","","","Nested Section","A nested sub-section within this section.","Nested sections are primarily used to help human readers navigate to particular portions of the document.","","","","","","","","",,,,,"",,,,"",0,null,"cmp-1
","","./outboundRelationship[typeCode=""COMP"" and isNormalActRelationship()]/target[moodCode=""EVN"" and classCode=""DOCSECT"" and isNormalAct]",".component.section"
