"Path","Slice Name","Alias(s)","Label","Min","Max","Must Support?","Is Modifier?","Is Summary?","Type(s)","Short","Definition","Comments","Requirements","Default Value","Meaning When Missing","Fixed Value","Pattern","Example","Minimum Value","Maximum Value","Maximum Length","Binding Strength","Binding Description","Binding Value Set","Code","Slicing Discriminator","Slicing Description","Slicing Ordered","Slicing Rules","Base Path","Base Min","Base Max","Condition(s)","Constraint(s)","Mapping: Workflow Mapping","Mapping: HL7 v2 Mapping","Mapping: RIM Mapping","Mapping: W5 Mapping","Mapping: Quality Improvement and Clinical Knowledge (QUICK)"
"ProcedureRequest","","diagnostic request
","",0,*,"","","","","shr-core-ServiceRequest","A record of a request for service such as diagnostic investigations, treatments, or operations to be performed.","","","","","","","","","",,,,,"",,,,"",0,null,"","dom-2:If the resource is contained in another resource, it SHALL NOT contain nested Resources {contained.contained.empty()}
dom-1:If the resource is contained in another resource, it SHALL NOT contain any narrative {contained.text.empty()}dom-4:If a resource is contained in another resource, it SHALL NOT have a meta.versionId or a meta.lastUpdated {contained.meta.versionId.empty() and contained.meta.lastUpdated.empty()}dom-3:If the resource is contained in another resource, it SHALL be referred to from elsewhere in the resource {contained.where(('#'+id in %resource.descendants().reference).not()).empty()}","Request","ORC","Entity. Role, or Act","Act[moodCode<=INT]","clinical.general"
"ProcedureRequest.id","","","",0,1,"","","Y","id {[]} {[]}
","Logical id of this artifact","The logical id of the resource, as used in the URL for the resource. Once assigned, this value never changes.","The only time that a resource does not have an id is when it is being submitted to the server using a create operation.","","","","","","","","",,,,,"",,,,"Resource.id",0,1,"",""
"ProcedureRequest.meta","","","",0,1,"","","Y","Meta {[]} {[]}
","Metadata about the resource","The metadata about the resource. This is content that is maintained by the infrastructure. Changes to the content may not always be associated with version changes to the resource.","","","","","","","","","",,,,,"",,,,"Resource.meta",0,1,"",""
"ProcedureRequest.meta.id","","","",0,1,"","","","string {[]} {[]}
","xml:id (or equivalent in JSON)","unique id for the element within a resource (for internal references). This may be any string value that does not contain spaces.","","","","","","","","","",,,,,"",,,,"Element.id",0,1,"","","n/a"
"ProcedureRequest.meta.extension","","extensions
user content","",0,*,"","","","Extension {[]} {[]}
","Additional Content defined by implementations","May be used to represent additional information that is not part of the basic definition of the element. In order to make the use of extensions safe and manageable, there is a strict set of governance  applied to the definition and use of extensions. Though any implementer is allowed to define an extension, there is a set of requirements that SHALL be met as part of the definition of the extension.","There can be no stigma associated with the use of extensions by any application, project, or standard - regardless of the institution or jurisdiction that uses or defines the extensions.  The use of extensions is what allows the FHIR specification to retain a core level of simplicity for everyone.","","","","","","","","",,,,,"","value:url}
","Extensions are always sliced by (at least) url",,"open","Element.extension",0,*,"","","n/a"
"ProcedureRequest.meta.extension","sourcesystem","","",0,1,"","","","Extension {[CanonicalType[http://hl7.org/fhir/us/odh/StructureDefinition/shr-core-SourceSystem-extension]]} {[]}
","","FHIR: This provides a minimal amount of Provenance information that can be used to track or differentiate the source of information in the resource. The source may identify another FHIR server, document, message, database, etc.
FHIM: Identifies the computer system that created the medical record. This optional field may also be used to indicate that the medical record was originally created by a different organization from the one that is currently storing or utilizing the record in that the assigning authority of the Id could be set to that originating organization. This property is optional, as some systems will assume that all records that it contains originated in that system, however it is anticipated that it will become increasingly commonplace for records from multiple systems and organizations will be comingled in order to provide a complete picture of the patient's health record.","","","","","","","","","",,,,,"",,,,"Element.extension",0,*,"",""
"ProcedureRequest.meta.versionId","","","",0,1,"","","Y","id {[]} {[]}
","Version specific identifier","The version specific identifier, as it appears in the version portion of the URL. This values changes when the resource is created, updated, or deleted.","The server assigns this value, and ignores what the client specifies, except in the case that the server is imposing version integrity on updates/deletes.","","","","","","","","",,,,,"",,,,"",0,null,"",""
"ProcedureRequest.meta.lastUpdated","","","",0,1,"","","Y","instant {[]} {[]}
","When the resource version last changed","When the resource last changed - e.g. when the version changed.","This value is always populated except when the resource is first being created. The server / resource manager sets this value; what a client provides is irrelevant.","","","","","","","","",,,,,"",,,,"",0,null,"",""
"ProcedureRequest.meta.profile","","","",0,*,"","","Y","uri {[]} {[]}
","Profiles this resource claims to conform to","A list of profiles (references to [StructureDefinition](structuredefinition.html#) resources) that this resource claims to conform to. The URL is a reference to [StructureDefinition.url]().","It is up to the server and/or other infrastructure of policy to determine whether/how these claims are verified and/or updated over time.  The list of profile URLs is a set.","","","","","","","","",,,,,"",,,,"",0,null,"",""
"ProcedureRequest.meta.security","","","",0,*,"","","Y","Coding {[]} {[]}
","Security Labels applied to this resource","Security labels applied to this resource. These tags connect specific resources to the overall security policy and infrastructure.","The security labels can be updated without changing the stated version of the resource  The list of security labels is a set. Uniqueness is based the system/code, and version and display are ignored.","","","","","","","","",,"extensible","Security Labels from the Healthcare Privacy and Security Classification System.","http://hl7.org/fhir/ValueSet/security-labels","",,,,"",0,null,"",""
"ProcedureRequest.meta.tag","","","",0,*,"","","Y","Coding {[]} {[]}
","Tags applied to this resource","Tags applied to this resource. Tags are intended to be used to identify and relate resources to process and workflow, and applications are not required to consider the tags when interpreting the meaning of a resource.","The tags can be updated without changing the stated version of the resource.  The list of tags is a set. Uniqueness is based the system/code, and version and display are ignored.","","","","","","","","",,"example","Codes that represent various types of tags, commonly workflow-related; e.g. ""Needs review by Dr. Jones""","http://hl7.org/fhir/ValueSet/common-tags","",,,,"",0,null,"",""
"ProcedureRequest.implicitRules","","","",0,1,"","Y","Y","uri {[]} {[]}
","A set of rules under which this content was created","A reference to a set of rules that were followed when the resource was constructed, and which must be understood when processing the content.","Asserting this rule set restricts the content to be only understood by a limited set of trading partners. This inherently limits the usefulness of the data in the long term. However, the existing health eco-system is highly fractured, and not yet ready to define, collect, and exchange data in a generally computable sense. Wherever possible, implementers and/or specification writers should avoid using this element. 

This element is labelled as a modifier because the implicit rules may provide additional knowledge about the resource that modifies it's meaning or interpretation.","","","","","","","","",,,,,"",,,,"Resource.implicitRules",0,1,"",""
"ProcedureRequest.language","","","",0,1,"","","","code {[]} {[]}
","Language of the resource content","The base language in which the resource is written.","Language is provided to support indexing and accessibility (typically, services such as text to speech use the language tag). The html language tag in the narrative applies  to the narrative. The language tag on the resource may be used to specify the language of other presentations generated from the data in the resource  Not all the content has to be in the base language. The Resource.language should not be assumed to apply to the narrative automatically. If a language is specified, it should it also be specified on the div element in the html (see rules in HTML5 for information about the relationship between xml:lang and the html lang attribute).","","","","","","","","",,"extensible","A human language.","http://hl7.org/fhir/ValueSet/languages","",,,,"Resource.language",0,1,"",""
"ProcedureRequest.text","","narrative
htmlxhtmldisplay","",0,1,"","","","Narrative {[]} {[]}
","Text summary of the resource, for human interpretation","A human-readable narrative that contains a summary of the resource, and may be used to represent the content of the resource to a human. The narrative need not encode all the structured data, but is required to contain sufficient detail to make it ""clinically safe"" for a human to just read the narrative. Resource definitions may define what content should be represented in the narrative to ensure clinical safety.","Contained resources do not have narrative. Resources that are not contained SHOULD have a narrative. In some cases, a resource may only have text with little or no additional discrete data (as long as all minOccurs=1 elements are satisfied).  This may be necessary for data from legacy systems where information is captured as a ""text blob"" or where text is additionally entered raw or narrated and encoded in formation is added later.","","","","","","","","",,,,,"",,,,"DomainResource.text",0,1,"dom-1
","","Act.text?"
"ProcedureRequest.contained","","inline resources
anonymous resourcescontained resources","",0,*,"","","","Resource {[]} {[]}
","Contained, inline Resources","These resources do not have an independent existence apart from the resource that contains them - they cannot be identified independently, and nor can they have their own independent transaction scope.","This should never be done when the content can be identified properly, as once identification is lost, it is extremely difficult (and context dependent) to restore it again.","","","","","","","","",,,,,"",,,,"DomainResource.contained",0,*,"","","N/A"
"ProcedureRequest.extension","","extensions
user content","",1,*,"","","","Extension {[]} {[]}
","Additional Content defined by implementations","May be used to represent additional information that is not part of the basic definition of the resource. In order to make the use of extensions safe and manageable, there is a strict set of governance  applied to the definition and use of extensions. Though any implementer is allowed to define an extension, there is a set of requirements that SHALL be met as part of the definition of the extension.","There can be no stigma associated with the use of extensions by any application, project, or standard - regardless of the institution or jurisdiction that uses or defines the extensions.  The use of extensions is what allows the FHIR specification to retain a core level of simplicity for everyone.","","","","","","","","",,,,,"","value:url}
","",,"open","DomainResource.extension",0,*,"","","N/A"
"ProcedureRequest.extension","servicebasedon","","",0,*,"","","","Extension {[CanonicalType[http://hl7.org/fhir/us/odh/StructureDefinition/shr-core-ServiceBasedOn-extension]]} {[]}
","","The original or initiating plan, proposal, or request.","","","","","","","","","",,,,,"",,,,"DomainResource.extension",0,*,"",""
"ProcedureRequest.extension","replaces","","",0,*,"","","","Extension {[CanonicalType[http://hl7.org/fhir/us/odh/StructureDefinition/shr-core-Replaces-extension]]} {[]}
","","Request(s) replaced by this request","","","","","","","","","",,,,,"",,,,"DomainResource.extension",0,*,"",""
"ProcedureRequest.extension.id","","","",0,1,"","","","string {[]} {[]}
","xml:id (or equivalent in JSON)","unique id for the element within a resource (for internal references). This may be any string value that does not contain spaces.","","","","","","","","","",,,,,"",,,,"Element.id",0,1,"","","N/A"
"ProcedureRequest.extension.extension","","","",0,0,"","","","Extension {[]} {[]}
","Extension","An Extension","","","","","","","","","",,,,,"",,,,"Element.extension",0,*,"",""
"ProcedureRequest.extension.url","","","",1,1,"","","","uri {[]} {[]}
","identifies the meaning of the extension","Source of the definition for the extension code - a logical name or a URL.","","","","","<valueUri xmlns=""http://hl7.org/fhir"" value=""http://hl7.org/fhir/us/odh/StructureDefinition/shr-core-Replaces-extension""/>","","","","",,,,,"",,,,"Extension.url",1,1,"","","N/A"
"ProcedureRequest.extension.valueReference","","","",1,1,"","","","Reference {[]} {[CanonicalType[http://hl7.org/fhir/us/odh/StructureDefinition/shr-core-ServiceRequest]]}
","ServiceRequest","A record of a request for service such as diagnostic investigations, treatments, or operations to be performed.","","","","","","","","","",,,,,"",,,,"Extension.value[x]",0,1,"","","N/A"
"ProcedureRequest.extension","groupidentifier","","",0,1,"","","","Extension {[CanonicalType[http://hl7.org/fhir/us/odh/StructureDefinition/shr-core-GroupIdentifier-extension]]} {[]}
","","A shared identifier common to all service requests that were authorized more or less simultaneously by a single author, representing the composite or group identifier.","","","","","","","","","",,,,,"",,,,"DomainResource.extension",0,*,"",""
"ProcedureRequest.extension","donotperform","","",0,1,"","","","Extension {[CanonicalType[http://hl7.org/fhir/us/odh/StructureDefinition/shr-core-DoNotPerform-extension]]} {[]}
","","A flag, when set to true, indicates that the service/procedure should NOT be performed.","","","","","","","","","",,,,,"",,,,"DomainResource.extension",0,*,"",""
"ProcedureRequest.extension","servicedetails","","",0,*,"","","","Extension {[CanonicalType[http://hl7.org/fhir/us/odh/StructureDefinition/shr-core-ServiceDetails-extension]]} {[]}
","","A service requested or performed. Additional details and instructions about the service requested or performed. For example, and order for a urinary catheter may have an order detail for an external or indwelling catheter, or an order for a bandage may require additional instructions specifying how the bandage should be applied.","","","","","","","","","",,,,,"",,,,"DomainResource.extension",0,*,"",""
"ProcedureRequest.extension","requestquantity","","",0,1,"","","","Extension {[CanonicalType[http://hl7.org/fhir/us/odh/StructureDefinition/shr-core-RequestQuantity-extension]]} {[]}
","","An amount of service being requested which can be a quantity ( for example $1,500 home modification), a ratio ( for example, 20 half day visits per month), or a range (2.0 to 1.8 Gy per fraction).","","","","","","","","","",,,,,"",,,,"DomainResource.extension",0,*,"",""
"ProcedureRequest.extension","asneeded","","",0,1,"","","","Extension {[CanonicalType[http://hl7.org/fhir/us/odh/StructureDefinition/shr-core-AsNeeded-extension]]} {[]}
","","Preconditions for service, either 'true' indicating to be performed if needed, or a code indicating the pre-condition for performing the service. For example 'pain', 'on flare-up', etc.","","","","","","","","","",,,,,"",,,,"DomainResource.extension",0,*,"",""
"ProcedureRequest.extension","locationtype","","",0,*,"","","","Extension {[CanonicalType[http://hl7.org/fhir/us/odh/StructureDefinition/shr-core-LocationType-extension]]} {[]}
","","The preferred type of location(s) where the service should happen, in coded or free text form, e.g. at home or nursing day care center.","","","","","","","","","",,,,,"",,,,"DomainResource.extension",0,*,"",""
"ProcedureRequest.extension","location","","",0,*,"","","","Extension {[CanonicalType[http://hl7.org/fhir/us/odh/StructureDefinition/shr-core-Location-extension]]} {[]}
","","Services and space and equipment provided for a particular purpose; a building or place that provides a particular service or is used for a particular industry. Could be a clinical site, community site, or a mobile facility.","","","","","","","","","",,,,,"",,,,"DomainResource.extension",0,*,"",""
"ProcedureRequest.extension","insurance","","",0,*,"","","","Extension {[CanonicalType[http://hl7.org/fhir/us/odh/StructureDefinition/shr-core-Insurance-extension]]} {[]}
","","Insurance plans, coverage extensions, pre-authorizations and/or pre-determinations that may be needed for delivering the requested service.","","","","","","","","","",,,,,"",,,,"DomainResource.extension",0,*,"",""
"ProcedureRequest.extension","supportinginformation","","",0,*,"","","","Extension {[CanonicalType[http://hl7.org/fhir/us/odh/StructureDefinition/shr-core-SupportingInformation-extension]]} {[]}
","","Additional information to support this request.","","","","","","","","","",,,,,"",,,,"DomainResource.extension",0,*,"",""
"ProcedureRequest.extension","specimen","","",0,*,"","","","Extension {[CanonicalType[http://hl7.org/fhir/us/odh/StructureDefinition/shr-core-Specimen-extension]]} {[]}
","","A specimen is a substance, physical object, or collection of objects, that the laboratory considers a single discrete, uniquely identified unit that is the subject of one or more steps in the laboratory workflow. A specimen may include multiple physical pieces as long as they are considered a single unit within the laboratory workflow. A specimen results from one to many specimen collection procedures, and may be contained in multiple specimen containers. Specimen may have one or more processing activities.","","","","","","","","","",,,,,"",,,,"DomainResource.extension",0,*,"",""
"ProcedureRequest.extension","patientinstruction","","",0,1,"","","","Extension {[CanonicalType[http://hl7.org/fhir/us/odh/StructureDefinition/shr-core-PatientInstruction-extension]]} {[]}
","","Patient or consumer-oriented instructions.","","","","","","","","","",,,,,"",,,,"DomainResource.extension",0,*,"",""
"ProcedureRequest.extension","subjectofrecord","","",1,1,"","","","Extension {[CanonicalType[http://hl7.org/fhir/us/odh/StructureDefinition/shr-core-SubjectOfRecord-extension]]} {[]}
","","The subject of a clinical statement, often called the Patient or the Subject. The SubjectOfRecord typically identifies the clinical record in which this statement is contained. If the statement should be in John Doe's patient record, then John Doe is the subject of record. When there is no patient, the SubjectOfRecord can also be a location, group, or other entity that statement pertains to. For example, observations concerning a hospital ward would have a Location as the SubjectOfRecord.

Note that the word 'Subject' is used here in the sense of a person or entity subjected to observations or actions, not subject as in a conceptual topic, like heart disease.","","","","","","","","","",,,,,"",,,,"DomainResource.extension",0,*,"",""
"ProcedureRequest.modifierExtension","","extensions
user content","",0,*,"","Y","","Extension {[]} {[]}
","Extensions that cannot be ignored","May be used to represent additional information that is not part of the basic definition of the resource, and that modifies the understanding of the element that contains it. Usually modifier elements provide negation or qualification. In order to make the use of extensions safe and manageable, there is a strict set of governance applied to the definition and use of extensions. Though any implementer is allowed to define an extension, there is a set of requirements that SHALL be met as part of the definition of the extension. Applications processing a resource are required to check for modifier extensions.","There can be no stigma associated with the use of extensions by any application, project, or standard - regardless of the institution or jurisdiction that uses or defines the extensions.  The use of extensions is what allows the FHIR specification to retain a core level of simplicity for everyone.","","","","","","","","",,,,,"",,,,"DomainResource.modifierExtension",0,*,"","","N/A"
"ProcedureRequest.identifier","","","",0,*,"","","Y","Identifier {[]} {[]}
","Identifiers assigned to this order","Identifiers assigned to this order instance by the orderer and/or the receiver and/or order fulfiller.","The identifier.type element is used to distinguish between the identifiers assigned by the orderer (known as the 'Placer' in HL7 v2) and the producer of the observations in response to the order (known as the 'Filler' in HL7 v2).  For further discussion and examples see the resource notes section below.","","","","","","","","",,,,,"",,,,"",0,null,"","","Request.identifier","ORC.2, ORC.3",".identifier","id","ClinicalStatement.identifier"
"ProcedureRequest.definition","","protocol
","",0,*,"","","Y","Reference {[]} {[CanonicalType[http://hl7.org/fhir/StructureDefinition/ActivityDefinition], CanonicalType[http://hl7.org/fhir/StructureDefinition/PlanDefinition]]}
","Protocol or definition","Protocol or definition followed by this request.","","","","","","","","","",,,,,"",,,,"",0,null,"","","Request.definition","Varies by domain",".outboundRelationship[typeCode=DEFN].target"
"ProcedureRequest.basedOn","","fulfills
","",0,*,"","","Y","Reference {[]} {[CanonicalType[http://hl7.org/fhir/StructureDefinition/Resource]]}
","What request fulfills","Plan/proposal/order fulfilled by this request.","","","","","","","","","",,,,,"",,,,"",0,null,"","","Request.basedOn","ORC.8 (plus others)",".outboundRelationship[typeCode=FLFS].target"
"ProcedureRequest.replaces","","","",0,*,"","","Y","Reference {[]} {[CanonicalType[http://hl7.org/fhir/StructureDefinition/Resource]]}
","What request replaces","The request takes the place of the referenced completed or terminated request(s).","","","","","","","","","",,,,,"",,,,"",0,null,"","","Request.replaces","Handled by message location of ORC (ORC.1=RO or RU)",".outboundRelationship[typeCode=RPLC].target"
"ProcedureRequest.requisition","","grouperId
groupIdentifier","",0,1,"","","Y","Identifier {[]} {[]}
","Composite Request ID","A shared identifier common to all procedure or diagnostic requests that were authorized more or less simultaneously by a single author, representing the composite or group identifier.","Requests are linked either by a ""basedOn"" relationship (i.e. one request is fulfilling another) or by having a common requisition. Requests that are part of the same requisition are generally treated independently from the perspective of changing their state or maintaining them after initial creation.","Some business processes need to know if multiple items were ordered as part of the same ""requisition"" for billing or other purposes.","","","","","","","",,,,,"",,,,"",0,null,"","","ORC.4",".inboundRelationship(typeCode=COMP].source[moodCode=INT].identifier"
"ProcedureRequest.status","","","",1,1,"","Y","Y","code {[]} {[]}
","draft | active | suspended | completed | entered-in-error | cancelled","The status of the order.","The status is generally fully in the control of the requester - they determine whether the order is draft or active and, after it has been activated, competed, cancelled or suspended. States relating to the activities of the performer are reflected on either the corresponding event (see [Event Pattern](event.html) for general discussion) or using the [Task](task.html) resource.

This element is labeled as a modifier because the status contains codes that mark the resource as not currently valid.","","","","","","","","",,"required","The status of a procedure or diagnostic order.","http://hl7.org/fhir/ValueSet/request-status","",,,,"",0,null,"","","Request.status","ORC.5",".status","status","Action.currentStatus"
"ProcedureRequest.intent","","","",1,1,"","Y","Y","code {[]} {[]}
","proposal | plan | order +","Whether the request is a proposal, plan, an original order or a reflex order.","This element is labeled as a modifier because the intent alters when and how the resource is actually applicable.","","","","","","","","",,"required","The kind of procedure or diagnostic request","http://hl7.org/fhir/ValueSet/request-intent","",,,,"",0,null,"","","Request.intent","N/A",".moodCode (nuances beyond PRP/PLAN/RQO would need to be elsewhere)","class"
"ProcedureRequest.priority","","","",0,1,"","","Y","code {[]} {[]}
","routine | urgent | asap | stat","Indicates how quickly the ProcedureRequest should be addressed with respect to other requests.","","","","If missing, this task should be performed with normal priority","","","","","",,"required","Identifies the level of importance to be assigned to actioning the request","http://hl7.org/fhir/ValueSet/request-priority","",,,,"",0,null,"","","Request.priority","TQ1.9",".priorityCode","class"
"ProcedureRequest.doNotPerform","","","",0,0,"","Y","Y","boolean {[]} {[]}
","True if procedure should not be performed","Set this to true if the record is saying that the procedure should NOT be performed.","This element is labeled as a [modifier](conformance-rules.html#isModifier.html) because it indicates that a procedure shouldn't happen, instead of a request for it to happen.  In general, only the code and timeframe will be present, though occasional additional qualifiers such as body site or even performer could be included to narrow the scope of the prohibition.  If the ProcedureRequest.code and ProcedureRequest.doNotPerform both contain negation, that will reinforce prohibition and should not have a double negative interpretation.","Used for do not ambulate, do not elevate head of bed, do not flush NG tube, do not take blood pressure on a certain arm, etc.","<valueBoolean xmlns=""http://hl7.org/fhir"" value=""false""/>","","","","","","",,,,,"",,,,"ProcedureRequest.doNotPerform",0,1,"","",".actionNegationInd"
"ProcedureRequest.category","","","",0,*,"","","Y","CodeableConcept {[]} {[]}
","Classification of procedure","A code that classifies the procedure for searching, sorting and display purposes (e.g. ""Surgical Procedure"").","There may be multiple axis of categorization depending on the context or use case for retrieving or displaying the resource.  The level of granularity is defined by the category concepts in the value set.","Used for filtering what procedure request are retrieved and displayed.","","","","","","","",,"example","Classification of the procedure","http://hl7.org/fhir/ValueSet/procedure-category","",,,,"",0,null,"","",".outboundRelationship[typeCode=""COMP].target[classCode=""LIST"", moodCode=""INT""].code","class"
"ProcedureRequest.code","","","",1,1,"","","Y","CodeableConcept {[]} {[]}
","What is being requested/ordered","A code that identifies a particular procedure, diagnostic investigation, or panel of investigations, that have been requested.","Many laboratory and radiology procedure codes embed the specimen/organ system in the test ordeer name, for example,  serum or serum/plasma glucose, or a chest xray. The specimen may not be recorded separately from the test code.","","","","","","","","",,"example","Codes for tests/services that can be performed by procedure or diagnostic services.  For laboratory, LOINC is  (preferred)[http://build.fhir.org/terminologies.html#preferred] and a valueset using LOINC Order codes is available [here](valueset-diagnostic-requests.html).","http://hl7.org/fhir/ValueSet/procedure-code","",,,,"",0,null,"","","Request.code","Varies by domain",".code","what","Procedure.procedureCode"
"ProcedureRequest.subject","","","",1,1,"","","Y","Reference {[]} {[CanonicalType[http://hl7.org/fhir/us/odh/StructureDefinition/shr-core-Patient], CanonicalType[http://hl7.org/fhir/us/odh/StructureDefinition/shr-core-Group], CanonicalType[http://hl7.org/fhir/us/odh/StructureDefinition/shr-core-Location], CanonicalType[http://hl7.org/fhir/us/odh/StructureDefinition/shr-core-Device]]}
","Individual the service is ordered for","On whom or what the procedure or diagnostic is to be performed. This is usually a human patient, but can also be requested on animals, groups of humans or animals, devices such as dialysis machines, or even locations (typically for environmental scans).","","","","","","","","","",,,,,"",,,,"ProcedureRequest.subject",1,1,"","","Request.subject","Accompanying PID segment",".participation[typeCode=SBJ].role","who.focus","ClinicalStatement.subject"
"ProcedureRequest.context","","encounter
","",0,1,"","","Y","Reference {[]} {[CanonicalType[http://hl7.org/fhir/us/odh/StructureDefinition/shr-core-Encounter]]}
","Encounter or Episode during which request was created","An encounter or episode of care that provides additional information about the healthcare context in which this request is made.","","","","","","","","","",,,,,"",,,,"",0,null,"","","Request.context","Accompanying PV1",".inboundRelationship(typeCode=COMP].source[classCode<=PCPR, moodCode=EVN]","context","ClinicalStatement.encounter"
"ProcedureRequest.occurrence[x]","","schedule
","",0,1,"","","Y","dateTime {[]} {[]}
Period {[]} {[]}Timing {[CanonicalType[http://hl7.org/fhir/us/odh/StructureDefinition/shr-core-Timing]]} {[]}","When procedure should occur","The date/time at which the diagnostic testing should occur.","","","","","","","","","",,,,,"",,,,"",0,null,"","","Request.occurrence[x]","Accompanying TQ1/TQ2 segments",".effectiveTime","when.planned","Procedure.procedureSchedule"
"ProcedureRequest.asNeeded[x]","","","",0,1,"","","Y","boolean {[]} {[]}
CodeableConcept {[]} {[]}","Preconditions for procedure or diagnostic","If a CodeableConcept is present, it indicates the pre-condition for performing the procedure.  For example ""pain"", ""on flare-up"", etc.","","","","","","","","","",,"example","A coded concept identifying the pre-condition that should hold prior to performing a procedure.  For example ""pain"", ""on flare-up"", etc.","http://hl7.org/fhir/ValueSet/medication-as-needed-reason","",,,,"",0,null,"","","boolean: precondition.negationInd (inversed - so negationInd = true means asNeeded=false CodeableConcept: precondition.observationEventCriterion[code=""Assertion""].value","Proposal.prnReason.reason"
"ProcedureRequest.authoredOn","","orderedOn
","",0,1,"","","Y","dateTime {[]} {[]}
","Date request signed","When the request transitioned to being actionable.","","","","","","","","","",,,,,"",,,,"",0,null,"","","Request.authoredOn","ORC.9",".participation[typeCode=AUT].time","when.recorded","Proposal.proposedAtTime"
"ProcedureRequest.requester","","author
orderer","",0,1,"","","Y","BackboneElement {[]} {[]}
","Who/what is requesting procedure or diagnostic","The individual who initiated the request and has responsibility for its activation.","This not the dispatcher, but rather who is the authorizer.","","","","","","","","",,,,,"",,,,"",0,null,"","ele-1:All FHIR elements must have a @value or children {hasValue() | (children().count() > id.count())}
","Request.requester","ORC.12",".participation[typeCode=AUT].role","ClinicalStatement.statementAuthor"
"ProcedureRequest.requester.id","","","",0,1,"","","","string {[]} {[]}
","xml:id (or equivalent in JSON)","unique id for the element within a resource (for internal references). This may be any string value that does not contain spaces.","","","","","","","","","",,,,,"",,,,"Element.id",0,1,"","","n/a"
"ProcedureRequest.requester.extension","","extensions
user content","",0,*,"","","","Extension {[]} {[]}
","Additional Content defined by implementations","May be used to represent additional information that is not part of the basic definition of the element. In order to make the use of extensions safe and manageable, there is a strict set of governance  applied to the definition and use of extensions. Though any implementer is allowed to define an extension, there is a set of requirements that SHALL be met as part of the definition of the extension.","There can be no stigma associated with the use of extensions by any application, project, or standard - regardless of the institution or jurisdiction that uses or defines the extensions.  The use of extensions is what allows the FHIR specification to retain a core level of simplicity for everyone.","","","","","","","","",,,,,"",,,,"Element.extension",0,*,"","","n/a"
"ProcedureRequest.requester.modifierExtension","","extensions
user contentmodifiers","",0,*,"","Y","Y","Extension {[]} {[]}
","Extensions that cannot be ignored","May be used to represent additional information that is not part of the basic definition of the element, and that modifies the understanding of the element that contains it. Usually modifier elements provide negation or qualification. In order to make the use of extensions safe and manageable, there is a strict set of governance applied to the definition and use of extensions. Though any implementer is allowed to define an extension, there is a set of requirements that SHALL be met as part of the definition of the extension. Applications processing a resource are required to check for modifier extensions.","There can be no stigma associated with the use of extensions by any application, project, or standard - regardless of the institution or jurisdiction that uses or defines the extensions.  The use of extensions is what allows the FHIR specification to retain a core level of simplicity for everyone.","","","","","","","","",,,,,"",,,,"BackboneElement.modifierExtension",0,*,"","","N/A"
"ProcedureRequest.requester.agent","","","",1,1,"","","Y","Reference {[]} {[CanonicalType[http://hl7.org/fhir/us/odh/StructureDefinition/shr-core-Device], CanonicalType[http://hl7.org/fhir/us/odh/StructureDefinition/shr-core-Practitioner], CanonicalType[http://hl7.org/fhir/us/odh/StructureDefinition/shr-core-Organization]]}
","Individual making the request","The device, practitioner or organization who initiated the request.","","","","","","","","","",,,,,"",,,,"",0,null,"","","Request.requester.agent","ORC.12",".player","who.author","ClinicalStatement.statementAuthor"
"ProcedureRequest.requester.onBehalfOf","","","",0,1,"","","Y","Reference {[]} {[CanonicalType[http://hl7.org/fhir/StructureDefinition/Organization]]}
","Organization agent is acting for","The organization the device or practitioner was acting on behalf of.","","Practitioners and Devices can be associated with multiple organizations.  This element indicates which organization they were acting on behalf of when authoring the request.","","","","","","","",,,,,"",,,,"",0,null,"","","Request.requester.onBehalfOf","N/A",".scoper"
"ProcedureRequest.performerType","","","",0,1,"","","Y","CodeableConcept {[]} {[]}
","Performer role","Desired type of performer for doing the diagnostic testing.","this is a  role, not  a participation type.  I.e. does not describe the task, but describes the capacity.  For example, “compounding pharmacy” or “psychiatrist” or “internal referral”.","","","","","","","","",,"example","Indicates specific responsibility of an individual within the care team, such as ""Primary physician"", ""Team coordinator"", ""Caregiver"", etc.","http://hl7.org/fhir/ValueSet/participant-role","",,,,"",0,null,"","","Request.performerType","PRT",".participation[typeCode=PRF].role[scoper.determinerCode=KIND].code","who.actor"
"ProcedureRequest.performer","","","",0,1,"","","Y","Reference {[]} {[CanonicalType[http://hl7.org/fhir/us/odh/StructureDefinition/shr-core-Practitioner], CanonicalType[http://hl7.org/fhir/us/odh/StructureDefinition/shr-core-Organization], CanonicalType[http://hl7.org/fhir/us/odh/StructureDefinition/shr-core-Patient], CanonicalType[http://hl7.org/fhir/us/odh/StructureDefinition/shr-core-Device], CanonicalType[http://hl7.org/fhir/us/odh/StructureDefinition/shr-core-RelatedPerson]]}
","Requested perfomer","The desired perfomer for doing the diagnostic testing.  For example, the surgeon, dermatopathologist, endoscopist, etc.","If needed, use an [extension](extensibility.html) for listing alternative performers and/or roles and/or preference.","","","","","","","","",,,,,"",,,,"",0,null,"","","Request.Performer","PRT",".participation[typeCode=PRF].role[scoper.determinerCode=INSTANCE]","who.actor"
"ProcedureRequest.reasonCode","","","",0,1,"","","Y","CodeableConcept {[]} {[]}
","Explanation/Justification for test","An explanation or justification for why this diagnostic investigation is being requested in coded or textual form.   This is often for billing purposes.  May relate to the resources referred to in supportingInformation.","This may be used to decide how the diagnostic investigation will be performed, or even if it will be performed at all.   Use CodeableConcept text element if the data is free (uncoded) text as shown in the [CT Scan example](procedurerequest-example-di.html).","","","","","","","","",,"example","Diagnosis or problem codes justifying the reason for requesting the procedure or diagnostic investigation.","http://hl7.org/fhir/ValueSet/procedure-reason","",,,,"ProcedureRequest.reasonCode",0,*,"","","Request.reasonCod","ORC.16",".reasonCode","why"
"ProcedureRequest.reasonReference","","","",0,1,"","","Y","Reference {[]} {[CanonicalType[http://hl7.org/fhir/us/odh/StructureDefinition/shr-core-Condition], CanonicalType[http://hl7.org/fhir/us/odh/StructureDefinition/shr-core-Observation]]}
","Explanation/Justification for test","Indicates another resource that provides a justification for why this diagnostic investigation is being requested.   May relate to the resources referred to in supportingInformation.","This may be used to decide how the diagnostic investigation will be performed, or even if it will be performed at all.   Use CodeableConcept text element if the data is free (uncoded) text as shown in the [CT Scan example](procedurerequest-example-di.html).","","","","","","","","",,,,,"",,,,"ProcedureRequest.reasonReference",0,*,"","","Request.reasonReference","ORC.16",".outboundRelationship[typeCode=RSON].target","why"
"ProcedureRequest.supportingInfo","","Ask at order entry question
AOE","",0,*,"","","","Reference {[]} {[CanonicalType[http://hl7.org/fhir/StructureDefinition/Resource]]}
","Additional clinical information","Additional clinical information about the patient or specimen that may influence the procedure or diagnostics or their interpretations.     This information includes diagnosis, clinical findings and other observations.  In laboratory ordering these are typically referred to as ""ask at order entry questions (AOEs)"".  This includes observations explicitly requested by the producer (filler) to provide context or supporting information needed to complete the order. For example,  reporting the amount of inspired oxygen for blood gas measurements.","","","","","","","","","",,,,,"",,,,"",0,null,"","","Request.supportingInformation","Accompanying segments",".outboundRelationship[typeCode=PERT].target"
"ProcedureRequest.specimen","","","",0,*,"","","Y","Reference {[]} {[CanonicalType[http://hl7.org/fhir/StructureDefinition/Specimen]]}
","Procedure Samples","One or more specimens that the laboratory procedure will use.","Many diagnostic procedures need a specimen, but the request itself is not actually about the specimen. This element is for when the diagnostic is requested on already existing specimens and the request points to the specimen it applies to.    Conversely, If the request is entered first with an unknown specimen, The [Specimen](specimen.html) resource references to the ProcedureRequest.","","","","","","","","",,,,,"",,,,"",0,null,"","","SPM",".participation[typeCode=SPC].role"
"ProcedureRequest.bodySite","","location
","",0,*,"","","Y","CodeableConcept {[]} {[]}
","Location on Body","Anatomic location where the procedure should be performed. This is the target site.","Only used if not implicit in the code found in ProcedureRequest.type.  If the use case requires BodySite to be handled as a separate resource instead of an inline coded element (e.g. to identify and track separately)  then use the standard extension [procedurerequest-targetBodySite](extension-procedurerequest-targetbodysite.html).","Knowing where the procedure is performed is important for tracking if multiple sites are possible.","","","","","","","",,"preferred","","http://hl7.org/fhir/us/odh/ValueSet/shr-core-BodyLocationVS","",,,,"",0,null,"","","SPM","targetSiteCode","Procedure.targetBodySite"
"ProcedureRequest.bodySite.id","","","",0,1,"","","","string {[]} {[]}
","xml:id (or equivalent in JSON)","unique id for the element within a resource (for internal references). This may be any string value that does not contain spaces.","","","","","","","","","",,,,,"",,,,"Element.id",0,1,"","","n/a"
"ProcedureRequest.bodySite.extension","","extensions
user content","",0,*,"","","","Extension {[]} {[]}
","Additional Content defined by implementations","May be used to represent additional information that is not part of the basic definition of the element. In order to make the use of extensions safe and manageable, there is a strict set of governance  applied to the definition and use of extensions. Though any implementer is allowed to define an extension, there is a set of requirements that SHALL be met as part of the definition of the extension.","There can be no stigma associated with the use of extensions by any application, project, or standard - regardless of the institution or jurisdiction that uses or defines the extensions.  The use of extensions is what allows the FHIR specification to retain a core level of simplicity for everyone.","","","","","","","","",,,,,"","value:url}
","Extensions are always sliced by (at least) url",,"open","Element.extension",0,*,"","","n/a"
"ProcedureRequest.bodySite.extension","laterality","","",0,*,"","","","Extension {[CanonicalType[http://hl7.org/fhir/us/odh/StructureDefinition/shr-core-Laterality-extension]]} {[]}
","","Body side of the body location, if needed to distinguish from a similar location on the other side of the body.

The laterality element is part of BodyLocation, a flexible structure that allows the location to be determined by a single code, or a code plus laterality and/or orientation. The body location can also be specified in relation to one or more body landmarks. SNOMED CT is used in all cases.

+ Code only: The code should include (precoordinate) laterality and/orientation to the degree necessary to completely specify the body location.
+ Code plus laterality and/or orientation: The basic code augmented by codes specifying the body side and/or anatomical orientation.
+ Relation to landmark: The location relative to a landmark is specified by:
- Establishing the location and type of landmark using a body site code and optional laterality/orientation, and
- Specifying the direction and distance from the landmark to the body location.

Note that BodyLocation is a data type (a reusable structure), not a stand-alone entity. The concept is similar to how a postal address can apply to a person, location, or organization. This contrasts with FHIR's stand-alone BodySite (aka BodyStructure in r4) which 'is not ... intended for describing the type of anatomical location but rather a specific body site on a specific patient' (FHIR 3.5).","","","","","","","","","",,,,,"",,,,"Element.extension",0,*,"",""
"ProcedureRequest.bodySite.extension","orientation","","",0,*,"","","","Extension {[CanonicalType[http://hl7.org/fhir/us/odh/StructureDefinition/shr-core-Orientation-extension]]} {[]}
","","Orientation of the body location, if needed to distinguish from a similar location in another orientation.
The orientation element is part of BodyLocation, a flexible structure that allows the location to be determined by a single code, or a code plus laterality and/or orientation. The body location can also be specified in relation to one or more body landmarks. SNOMED CT is used in all cases.

+ Code only: The code should include (precoordinate) laterality and/orientation to the degree necessary to completely specify the body location.
+ Code plus laterality and/or orientation: The basic code augmented by codes specifying the body side and/or anatomical orientation.
+ Relation to landmark: The location relative to a landmark is specified by:
- Establishing the location and type of landmark using a body site code and optional laterality/orientation, and
- Specifying the direction and distance from the landmark to the body location.

Note that BodyLocation is a data type (a reusable structure), not a stand-alone entity. The concept is similar to how a postal address can apply to a person, location, or organization. This contrasts with FHIR's stand-alone BodySite (aka BodyStructure in r4) which 'is not ... intended for describing the type of anatomical location but rather a specific body site on a specific patient' (FHIR 3.5).","","","","","","","","","",,,,,"",,,,"Element.extension",0,*,"",""
"ProcedureRequest.bodySite.extension","relationtolandmark","","",0,*,"","","","Extension {[CanonicalType[http://hl7.org/fhir/us/odh/StructureDefinition/shr-core-RelationToLandmark-extension]]} {[]}
","","The relationship between a landmark that helps determine a body location and the body location itself. The location relative to a landmark is specified by:
* Specifying the location and type of landmark using a body site code and optional laterality/orientation,
* Specifying the direction from the landmark to the body location, and
* Specifying the distance from the landmark to the body location.

The RelationToLandmark element is part of BodyLocation, a flexible structure that allows the location to be determined by a single code, or a code plus laterality and/or orientation. The body location can also be specified in relation to one or more body landmarks. SNOMED CT is used in all cases.

+ Code only: The code should include (precoordinate) laterality and/orientation to the degree necessary to completely specify the body location.
+ Code plus laterality and/or orientation: The basic code augmented by codes specifying the body side and/or anatomical orientation.
+ Relation to landmark: The location relative to a landmark is specified by:
- Establishing the location and type of landmark using a body site code and optional laterality/orientation, and
- Specifying the direction and distance from the landmark to the body location.

Note that BodyLocation is a data type (a reusable structure), not a stand-alone entity. The concept is similar to how a postal address can apply to a person, location, or organization. This contrasts with FHIR's stand-alone BodySite (aka BodyStructure in r4) which 'is not ... intended for describing the type of anatomical location but rather a specific body site on a specific patient' (FHIR 3.5).","","","","","","","","","",,,,,"",,,,"Element.extension",0,*,"",""
"ProcedureRequest.bodySite.coding","","","",0,*,"","","Y","Coding {[]} {[]}
","Code defined by a terminology system","A reference to a code defined by a terminology system.","Codes may be defined very casually in enumerations, or code lists, up to very formal definitions such as SNOMED CT - see the HL7 v3 Core Principles for more information.  Ordering of codings is undefined and SHALL NOT be used to infer meaning. Generally, at most only one of the coding values will be labeled as UserSelected = true.","Allows for translations and alternate encodings within a code system.  Also supports communication of the same instance to systems requiring different encodings.","","","","","","","",,,,,"",,,,"",0,null,"","","C*E.1-8, C*E.10-22","union(., ./translation)"
"ProcedureRequest.bodySite.text","","","",0,1,"","","Y","string {[]} {[]}
","Plain text representation of the concept","A human language representation of the concept as seen/selected/uttered by the user who entered the data and/or which represents the intended meaning of the user.","Very often the text is the same as a displayName of one of the codings.","The codes from the terminologies do not always capture the correct meaning with all the nuances of the human using them, or sometimes there is no appropriate code at all. In these cases, the text is used to capture the full meaning of the source.","","","","","","","",,,,,"",,,,"",0,null,"","","C*E.9. But note many systems use C*E.2 for this","./originalText[mediaType/code=""text/plain""]/data"
"ProcedureRequest.note","","","",0,*,"","","","Annotation {[CanonicalType[http://hl7.org/fhir/us/odh/StructureDefinition/shr-core-Annotation]]} {[]}
","Comments","Any other notes and comments made about the service request. For example, letting provider know that ""patient hates needles"" or other provider instructions.","","","","","","","","","",,,,,"",,,,"",0,null,"","","Request.note","NTE",".inboundRelationship(typeCode=SUBJ].source[classCode=ANNGEN, moodCode=EVN].value[xsi:type=ST]","ClinicalStatement.additionalText"
"ProcedureRequest.relevantHistory","","","",0,*,"","","","Reference {[]} {[CanonicalType[http://hl7.org/fhir/StructureDefinition/Provenance]]}
","Request provenance","Key events in the history of the request.","This may not include provenances for all versions of the request – only those deemed “relevant” or important.This SHALL NOT include the Provenance associated with this current version of the resource.  (If that provenance is deemed to be a “relevant” change, it will need to be added as part of a later update.  Until then, it can be queried directly as the Provenance that points to this version using _revincludeAll Provenances should have some historical version of this Request as their subject.","","","","","","","","",,,,,"",,,,"",0,null,"","","Request.relevantHistory","N/A",".inboundRelationship(typeCode=SUBJ].source[classCode=CACT, moodCode=EVN]"
