"Path","Slice Name","Alias(s)","Label","Min","Max","Must Support?","Is Modifier?","Is Summary?","Type(s)","Short","Definition","Comments","Requirements","Default Value","Meaning When Missing","Fixed Value","Pattern","Example","Minimum Value","Maximum Value","Maximum Length","Binding Strength","Binding Description","Binding Value Set","Code","Slicing Discriminator","Slicing Description","Slicing Ordered","Slicing Rules","Base Path","Base Min","Base Max","Condition(s)","Constraint(s)","Mapping: Workflow Pattern","Mapping: HL7 v2 Mapping","Mapping: RIM Mapping","Mapping: FiveWs Pattern Mapping"
"DiagnosticReport","","Report
TestResultResultsLabsLaboratoryLab ResultLab Report","",0,*,"","","","","obf-lab-CBCWAutoDifferentialPanel","Complete blood count (CBC) with auto differential panel. Includes various measures of red blood cells, platelets, and various types of white blood cells and other related measures, such as hemoglobin. The components of this panel are not entirely standardized, so the definition of the CBC includes tests that are optional, or performed by certain laboratories but not others. Instances typically will include a subset of the listed panel members.","This is intended to capture a single report and is not suitable for use in displaying summary information that covers multiple reports.  For example, this resource has not been designed for laboratory cumulative reporting formats nor detailed structured reports for sequencing.","","","","","","","","",,,,,"",,,,"DiagnosticReport",0,*,"","dom-2:If the resource is contained in another resource, it SHALL NOT contain nested Resources {contained.contained.empty()}
dom-4:If a resource is contained in another resource, it SHALL NOT have a meta.versionId or a meta.lastUpdated {contained.meta.versionId.empty() and contained.meta.lastUpdated.empty()}dom-3:If the resource is contained in another resource, it SHALL be referred to from elsewhere in the resource or SHALL refer to the containing resource {contained.where((('#'+id in (%resource.descendants().reference | %resource.descendants().as(canonical) | %resource.descendants().as(uri) | %resource.descendants().as(url))) or descendants().where(reference = '#').exists() or descendants().where(as(canonical) = '#').exists() or descendants().where(as(canonical) = '#').exists()).not()).trace('unmatched', id).empty()}dom-6:A resource should have narrative for robust management {text.div.exists()}dom-5:If a resource is contained in another resource, it SHALL NOT have a security label {contained.meta.security.empty()}us-core-7:DiagnosticReport.result or  DiagnosticReport.presentedForm or both SHALL be present. {result.exists() or presentedForm.exists()}","Event","ORU -> OBR","Entity. Role, or Act","Observation[classCode=OBS, moodCode=EVN]"
"DiagnosticReport.id","","","",0,1,"","","Y","id {[]} {[]}
","Logical id of this artifact","The logical id of the resource, as used in the URL for the resource. Once assigned, this value never changes.","The only time that a resource does not have an id is when it is being submitted to the server using a create operation.","","","","","","","","",,,,,"",,,,"Resource.id",0,1,"",""
"DiagnosticReport.meta","","","",0,1,"","","Y","Meta {[]} {[]}
","Metadata about the resource","The metadata about the resource. This is content that is maintained by the infrastructure. Changes to the content might not always be associated with version changes to the resource.","","","","","","","","","",,,,,"",,,,"Resource.meta",0,1,"",""
"DiagnosticReport.implicitRules","","","",0,1,"","Y","Y","uri {[]} {[]}
","A set of rules under which this content was created","A reference to a set of rules that were followed when the resource was constructed, and which must be understood when processing the content. Often, this is a reference to an implementation guide that defines the special rules along with other profiles etc.","Asserting this rule set restricts the content to be only understood by a limited set of trading partners. This inherently limits the usefulness of the data in the long term. However, the existing health eco-system is highly fractured, and not yet ready to define, collect, and exchange data in a generally computable sense. Wherever possible, implementers and/or specification writers should avoid using this element. Often, when used, the URL is a reference to an implementation guide that defines these special rules as part of it's narrative along with other profiles, value sets, etc.","","","","","","","","",,,,,"",,,,"Resource.implicitRules",0,1,"",""
"DiagnosticReport.language","","","",0,1,"","","","code {[]} {[]}
","Language of the resource content","The base language in which the resource is written.","Language is provided to support indexing and accessibility (typically, services such as text to speech use the language tag). The html language tag in the narrative applies  to the narrative. The language tag on the resource may be used to specify the language of other presentations generated from the data in the resource. Not all the content has to be in the base language. The Resource.language should not be assumed to apply to the narrative automatically. If a language is specified, it should it also be specified on the div element in the html (see rules in HTML5 for information about the relationship between xml:lang and the html lang attribute).","","","","","","","","",,"preferred","A human language.","http://hl7.org/fhir/ValueSet/languages","",,,,"Resource.language",0,1,"",""
"DiagnosticReport.text","","narrative
htmlxhtmldisplay","",0,1,"","","","Narrative {[]} {[]}
","Text summary of the resource, for human interpretation","A human-readable narrative that contains a summary of the resource and can be used to represent the content of the resource to a human. The narrative need not encode all the structured data, but is required to contain sufficient detail to make it ""clinically safe"" for a human to just read the narrative. Resource definitions may define what content should be represented in the narrative to ensure clinical safety.","Contained resources do not have narrative. Resources that are not contained SHOULD have a narrative. In some cases, a resource may only have text with little or no additional discrete data (as long as all minOccurs=1 elements are satisfied).  This may be necessary for data from legacy systems where information is captured as a ""text blob"" or where text is additionally entered raw or narrated and encoded information is added later.","","","","","","","","",,,,,"",,,,"DomainResource.text",0,1,"","","Act.text?"
"DiagnosticReport.contained","","inline resources
anonymous resourcescontained resources","",0,*,"","","","Resource {[]} {[]}
","Contained, inline Resources","These resources do not have an independent existence apart from the resource that contains them - they cannot be identified independently, and nor can they have their own independent transaction scope.","This should never be done when the content can be identified properly, as once identification is lost, it is extremely difficult (and context dependent) to restore it again. Contained resources may have profiles and tags In their meta elements, but SHALL NOT have security labels.","","","","","","","","",,,,,"",,,,"DomainResource.contained",0,*,"","","N/A"
"DiagnosticReport.extension","","extensions
user content","",0,*,"","","","Extension {[]} {[]}
","Additional content defined by implementations","May be used to represent additional information that is not part of the basic definition of the resource. To make the use of extensions safe and manageable, there is a strict set of governance  applied to the definition and use of extensions. Though any implementer can define an extension, there is a set of requirements that SHALL be met as part of the definition of the extension.","There can be no stigma associated with the use of extensions by any application, project, or standard - regardless of the institution or jurisdiction that uses or defines the extensions.  The use of extensions is what allows the FHIR specification to retain a core level of simplicity for everyone.","","","","","","","","",,,,,"",,,,"DomainResource.extension",0,*,"","","N/A"
"DiagnosticReport.modifierExtension","","extensions
user content","",0,*,"","Y","","Extension {[]} {[]}
","Extensions that cannot be ignored","May be used to represent additional information that is not part of the basic definition of the resource and that modifies the understanding of the element that contains it and/or the understanding of the containing element's descendants. Usually modifier elements provide negation or qualification. To make the use of extensions safe and manageable, there is a strict set of governance applied to the definition and use of extensions. Though any implementer is allowed to define an extension, there is a set of requirements that SHALL be met as part of the definition of the extension. Applications processing a resource are required to check for modifier extensions.

Modifier extensions SHALL NOT change the meaning of any elements on Resource or DomainResource (including cannot change the meaning of modifierExtension itself).","There can be no stigma associated with the use of extensions by any application, project, or standard - regardless of the institution or jurisdiction that uses or defines the extensions.  The use of extensions is what allows the FHIR specification to retain a core level of simplicity for everyone.","Modifier extensions allow for extensions that *cannot* be safely ignored to be clearly distinguished from the vast majority of extensions which can be safely ignored.  This promotes interoperability by eliminating the need for implementers to prohibit the presence of extensions. For further information, see the [definition of modifier extensions](http://hl7.org/fhir/R4/extensibility.html#modifierExtension).","","","","","","","",,,,,"",,,,"DomainResource.modifierExtension",0,*,"","","N/A"
"DiagnosticReport.identifier","","ReportID
Filler IDPlacer ID","",0,*,"","","Y","Identifier {[]} {[]}
","Business identifier for report","Identifiers assigned to this report by the performer or other systems.","Usually assigned by the Information System of the diagnostic service provider (filler id).","Need to know what identifier to use when making queries about this report from the source laboratory, and for linking to the report outside FHIR context.","","","","","","","",,,,,"",,,,"DiagnosticReport.identifier",0,*,"","","Event.identifier","OBR-51/ for globally unique filler ID  - OBR-3 , For non-globally unique filler-id the flller/placer number must be combined with the universal service Id -  OBR-2(if present)+OBR-3+OBR-4","id","FiveWs.identifier"
"DiagnosticReport.basedOn","","Request
","",0,*,"","","","Reference {[]} {[CanonicalType[http://hl7.org/fhir/StructureDefinition/ServiceRequest], CanonicalType[http://hl7.org/fhir/us/core/StructureDefinition/us-core-medicationrequest]]}
","What was requested","Details concerning a service requested.","Note: Usually there is one test request for each result, however in some circumstances multiple test requests may be represented using a single test result resource. Note that there are also cases where one request leads to multiple reports.","This allows tracing of authorization for the report and tracking whether proposals/recommendations were acted upon.","","","","","","","",,,,,"",,,,"DiagnosticReport.basedOn",0,*,"","","Event.basedOn","ORC? OBR-2/3?","outboundRelationship[typeCode=FLFS].target"
"DiagnosticReport.status","","","",1,1,"Y","Y","Y","code {[]} {[]}
","registered | partial | preliminary | final +","The status of the diagnostic report.","","Diagnostic services routinely issue provisional/incomplete reports, and sometimes withdraw previously released reports.","","","","","","","",,"required","","http://hl7.org/fhir/ValueSet/diagnostic-report-status","",,,,"DiagnosticReport.status",1,1,"","","Event.status","OBR-25 (not 1:1 mapping)","statusCode  Note: final and amended are distinguished by whether observation is the subject of a ControlAct event of type ""revise""","FiveWs.status"
"DiagnosticReport.category","","Department
Sub-departmentServiceDiscipline","",1,1,"Y","","Y","CodeableConcept {[]} {[]}
","Service category","A code that classifies the clinical discipline, department or diagnostic service that created the report (e.g. cardiology, biochemistry, hematology, MRI). This is used for searching, sorting and display purposes.","Multiple categories are allowed using various categorization schemes.   The level of granularity is defined by the category concepts in the value set. More fine-grained filtering can be performed using the metadata and/or terminology hierarchy in DiagnosticReport.code.","","","","","","","","",,"example","Codes for diagnostic service sections.","http://hl7.org/fhir/ValueSet/diagnostic-service-sections","","pattern:$this}
","",,"open","DiagnosticReport.category",0,*,"","","OBR-24","inboundRelationship[typeCode=COMP].source[classCode=LIST, moodCode=EVN, code < LabService].code","FiveWs.class"
"DiagnosticReport.category","lab","Department
Sub-departmentServiceDiscipline","",1,1,"Y","","Y","CodeableConcept {[]} {[]}
","Service category","A code that classifies the clinical discipline, department or diagnostic service that created the report (e.g. cardiology, biochemistry, hematology, MRI). This is used for searching, sorting and display purposes.","Multiple categories are allowed using various categorization schemes.   The level of granularity is defined by the category concepts in the value set. More fine-grained filtering can be performed using the metadata and/or terminology hierarchy in DiagnosticReport.code.","","","","","<valueCodeableConcept xmlns=""http://hl7.org/fhir"">
  <coding>
    <system value=""http://terminology.hl7.org/CodeSystem/v2-0074""/>
    <code value=""LAB""/>
  </coding>
</valueCodeableConcept>","","","",,"example","Codes for diagnostic service sections.","http://hl7.org/fhir/ValueSet/diagnostic-service-sections","",,,,"DiagnosticReport.category",0,*,"","","OBR-24","inboundRelationship[typeCode=COMP].source[classCode=LIST, moodCode=EVN, code < LabService].code","FiveWs.class"
"DiagnosticReport.code","","Type
","",1,1,"Y","","Y","CodeableConcept {[]} {[]}
","US Core Laboratory Report Order Code","The test, panel or battery that was ordered.","UsageNote= The typical patterns for codes are:  1)  a LOINC code either as a  translation from a ""local"" code or as a primary code, or 2)  a local code only if no suitable LOINC exists,  or 3)  both the local and the LOINC translation.   Systems SHALL be capable of sending the local code if one exists.","","","","","","","","",,"extensible","LOINC codes","http://hl7.org/fhir/us/core/ValueSet/us-core-diagnosticreport-lab-codes","",,,,"DiagnosticReport.code",1,1,"","","Event.code","OBR-4 (HL7 v2 doesn't provide an easy way to indicate both the ordered test and the performed panel)","code","FiveWs.what[x]"
"DiagnosticReport.code.id","","","",0,1,"","","","string {[]} {[]}
","Unique id for inter-element referencing","Unique id for the element within a resource (for internal references). This may be any string value that does not contain spaces.","","","","","","","","","",,,,,"",,,,"Element.id",0,1,"","","n/a"
"DiagnosticReport.code.extension","","extensions
user content","",0,*,"","","","Extension {[]} {[]}
","Additional content defined by implementations","May be used to represent additional information that is not part of the basic definition of the element. To make the use of extensions safe and manageable, there is a strict set of governance  applied to the definition and use of extensions. Though any implementer can define an extension, there is a set of requirements that SHALL be met as part of the definition of the extension.","There can be no stigma associated with the use of extensions by any application, project, or standard - regardless of the institution or jurisdiction that uses or defines the extensions.  The use of extensions is what allows the FHIR specification to retain a core level of simplicity for everyone.","","","","","","","","",,,,,"","value:url}
","Extensions are always sliced by (at least) url",,"open","Element.extension",0,*,"","","n/a"
"DiagnosticReport.code.coding","","","",1,*,"","","Y","Coding {[]} {[]}
","Code defined by a terminology system","A reference to a code defined by a terminology system.","Codes may be defined very casually in enumerations, or code lists, up to very formal definitions such as SNOMED CT - see the HL7 v3 Core Principles for more information.  Ordering of codings is undefined and SHALL NOT be used to infer meaning. Generally, at most only one of the coding values will be labeled as UserSelected = true.","Allows for alternative encodings within a code system, and translations to other code systems.","","","","","","","",,,,,"","value:code}
","",,"open","CodeableConcept.coding",0,*,"","","C*E.1-8, C*E.10-22","union(., ./translation)"
"DiagnosticReport.code.coding","Fixed_57021-8","","",1,1,"","","Y","Coding {[]} {[]}
","CBC W Auto Differential panel - Blood","CBC W Auto Differential panel - Blood","","","","","","","","","",,,,,"",,,,"CodeableConcept.coding",0,*,"",""
"DiagnosticReport.code.coding.id","","","",0,1,"","","","string {[]} {[]}
","Unique id for inter-element referencing","Unique id for the element within a resource (for internal references). This may be any string value that does not contain spaces.","","","","","","","","","",,,,,"",,,,"Element.id",0,1,"","","n/a"
"DiagnosticReport.code.coding.extension","","extensions
user content","",0,*,"","","","Extension {[]} {[]}
","Additional content defined by implementations","May be used to represent additional information that is not part of the basic definition of the element. To make the use of extensions safe and manageable, there is a strict set of governance  applied to the definition and use of extensions. Though any implementer can define an extension, there is a set of requirements that SHALL be met as part of the definition of the extension.","There can be no stigma associated with the use of extensions by any application, project, or standard - regardless of the institution or jurisdiction that uses or defines the extensions.  The use of extensions is what allows the FHIR specification to retain a core level of simplicity for everyone.","","","","","","","","",,,,,"","value:url}
","Extensions are always sliced by (at least) url",,"open","Element.extension",0,*,"","","n/a"
"DiagnosticReport.code.coding.system","","","",0,1,"","","Y","uri {[]} {[]}
","Identity of the terminology system","The identification of the code system that defines the meaning of the symbol in the code.","The URI may be an OID (urn:oid:...) or a UUID (urn:uuid:...).  OIDs and UUIDs SHALL be references to the HL7 OID registry. Otherwise, the URI should come from HL7's list of FHIR defined special URIs or it should reference to some definition that establishes the system clearly and unambiguously.","Need to be unambiguous about the source of the definition of the symbol.","","","<valueUri xmlns=""http://hl7.org/fhir"" value=""http://loinc.org""/>","","","","",,,,,"",,,,"Coding.system",0,1,"","","C*E.3","./codeSystem"
"DiagnosticReport.code.coding.version","","","",0,1,"","","Y","string {[]} {[]}
","Version of the system - if relevant","The version of the code system which was used when choosing this code. Note that a well-maintained code system does not need the version reported, because the meaning of codes is consistent across versions. However this cannot consistently be assured, and when the meaning is not guaranteed to be consistent, the version SHOULD be exchanged.","Where the terminology does not clearly define what string should be used to identify code system versions, the recommendation is to use the date (expressed in FHIR date format) on which that version was officially published as the version date.","","","","","","","","",,,,,"",,,,"Coding.version",0,1,"","","C*E.7","./codeSystemVersion"
"DiagnosticReport.code.coding.code","","","",0,1,"","","Y","code {[]} {[]}
","Symbol in syntax defined by the system","A symbol in syntax defined by the system. The symbol may be a predefined code or an expression in a syntax defined by the coding system (e.g. post-coordination).","","Need to refer to a particular code in the system.","","","<valueCode xmlns=""http://hl7.org/fhir"" value=""57021-8""/>","","","","",,,,,"",,,,"Coding.code",0,1,"","","C*E.1","./code"
"DiagnosticReport.code.coding.display","","","",0,1,"","","Y","string {[]} {[]}
","Representation defined by the system","A representation of the meaning of the code in the system, following the rules of the system.","","Need to be able to carry a human-readable meaning of the code for readers that do not know  the system.","","","","","","","",,,,,"",,,,"Coding.display",0,1,"","","C*E.2 - but note this is not well followed","CV.displayName"
"DiagnosticReport.code.coding.userSelected","","","",0,1,"","","Y","boolean {[]} {[]}
","If this coding was chosen directly by the user","Indicates that this coding was chosen by a user directly - e.g. off a pick list of available items (codes or displays).","Amongst a set of alternatives, a directly chosen code is the most appropriate starting point for new translations. There is some ambiguity about what exactly 'directly chosen' implies, and trading partner agreement may be needed to clarify the use of this element and its consequences more completely.","This has been identified as a clinical safety criterium - that this exact system/code pair was chosen explicitly, rather than inferred by the system based on some rules or language processing.","","","","","","","",,,,,"",,,,"Coding.userSelected",0,1,"","","Sometimes implied by being first","CD.codingRationale"
"DiagnosticReport.code.text","","","",0,1,"","","Y","string {[]} {[]}
","Plain text representation of the concept","A human language representation of the concept as seen/selected/uttered by the user who entered the data and/or which represents the intended meaning of the user.","Very often the text is the same as a displayName of one of the codings.","The codes from the terminologies do not always capture the correct meaning with all the nuances of the human using them, or sometimes there is no appropriate code at all. In these cases, the text is used to capture the full meaning of the source.","","","","","","","",,,,,"",,,,"CodeableConcept.text",0,1,"","","C*E.9. But note many systems use C*E.2 for this","./originalText[mediaType/code=""text/plain""]/data"
"DiagnosticReport.subject","","Patient
","",1,1,"Y","","Y","Reference {[]} {[CanonicalType[http://hl7.org/fhir/us/mcode/StructureDefinition/obf-Patient]]}
","The subject of an observation","The subject of an observation.","","SHALL know the subject context.","","","","","","","",,,,,"",,,,"DiagnosticReport.subject",0,1,"","","Event.subject","PID-3 (no HL7 v2 mapping for Group or Device)","participation[typeCode=SBJ]","FiveWs.subject[x]","FiveWs.subject"
"DiagnosticReport.encounter","","Context
","",0,1,"","","Y","Reference {[]} {[CanonicalType[http://hl7.org/fhir/us/core/StructureDefinition/us-core-encounter]]}
","Health care event when test ordered","The healthcare event  (e.g. a patient and healthcare provider interaction) which this DiagnosticReport is about.","This will typically be the encounter the event occurred within, but some events may be initiated prior to or after the official completion of an encounter  but still be tied to the context of the encounter  (e.g. pre-admission laboratory tests).","Links the request to the Encounter context.","","","","","","","",,,,,"",,,,"DiagnosticReport.encounter",0,1,"","","Event.encounter","PV1-19","inboundRelationship[typeCode=COMP].source[classCode=ENC, moodCode=EVN]","FiveWs.context"
"DiagnosticReport.effective[x]","","Observation time
Effective TimeOccurrence","",1,1,"Y","","Y","dateTime {[]} {[]}
Period {[]} {[]}","Specimen Collection Datetime or Period","This is the Specimen Collection Datetime or Period which is the physically relevent dateTime for laboratory tests.","If the diagnostic procedure was performed on the patient, this is the time it was performed. If there are specimens, the diagnostically relevant time can be derived from the specimen collection times, but the specimen information is not always available, and the exact relationship between the specimens and the diagnostically relevant time is not always automatic.","Need to know where in the patient history to file/present this report.","","","","","","","",,,,,"",,,,"DiagnosticReport.effective[x]",0,1,"","","Event.occurrence[x]","OBR-7","effectiveTime","FiveWs.done[x]"
"DiagnosticReport.issued","","Date published
Date IssuedDate Verified","",1,1,"Y","","Y","instant {[]} {[]}
","DateTime this version was made","The date and time that this version of the report was made available to providers, typically after the report was reviewed and verified.","May be different from the update time of the resource itself, because that is the status of the record (potentially a secondary copy), not the actual release time of the report.","Clinicians need to be able to check the date that the report was released.","","","","","","","",,,,,"",,,,"DiagnosticReport.issued",0,1,"","","OBR-22","participation[typeCode=VRF or AUT].time","FiveWs.recorded"
"DiagnosticReport.performer","","Laboratory
ServicePractitionerDepartmentCompanyAuthorized byDirector","",0,1,"Y","","Y","Reference {[]} {[CanonicalType[http://hl7.org/fhir/us/core/StructureDefinition/us-core-practitioner], CanonicalType[http://hl7.org/fhir/us/core/StructureDefinition/us-core-organization]]}
","Responsible Diagnostic Service","The diagnostic service that is responsible for issuing the report.","This is not necessarily the source of the atomic data items or the entity that interpreted the results. It is the entity that takes responsibility for the clinical report.","Need to know whom to contact if there are queries about the results. Also may need to track the source of reports for secondary data analysis.","","","","","","","",,,,,"",,,,"DiagnosticReport.performer",0,*,"","","Event.performer.actor","PRT-8 (where this PRT-4-Participation = ""PO"")",".participation[typeCode=PRF]","FiveWs.actor"
"DiagnosticReport.resultsInterpreter","","Analyzed by
Reported by","",0,1,"","","Y","Reference {[]} {[CanonicalType[http://hl7.org/fhir/us/core/StructureDefinition/us-core-practitioner], CanonicalType[http://hl7.org/fhir/us/core/StructureDefinition/us-core-organization]]}
","Primary result interpreter","The practitioner or organization that is responsible for the report's conclusions and interpretations.","Might not be the same entity that takes responsibility for the clinical report.","Need to know whom to contact if there are queries about the results. Also may need to track the source of reports for secondary data analysis.","","","","","","","",,,,,"",,,,"DiagnosticReport.resultsInterpreter",0,*,"","","Event.performer.actor","OBR-32, PRT-8 (where this PRT-4-Participation = ""PI"")",".participation[typeCode=PRF]","FiveWs.actor"
"DiagnosticReport.specimen","","","",0,*,"","","","Reference {[]} {[CanonicalType[http://hl7.org/fhir/StructureDefinition/Specimen]]}
","Specimens this report is based on","Details about the specimens on which this diagnostic report is based.","If the specimen is sufficiently specified with a code in the test result name, then this additional data may be redundant. If there are multiple specimens, these may be represented per observation or group.","Need to be able to report information about the collected specimens on which the report is based.","","","","","","","",,,,,"",,,,"DiagnosticReport.specimen",0,*,"","","SPM","participation[typeCode=SBJ]"
"DiagnosticReport.result","","Data
Atomic ValueResultAtomic resultDataTestAnalyteBatteryOrganizer","",0,*,"Y","","","Reference {[]} {[CanonicalType[http://hl7.org/fhir/us/mcode/StructureDefinition/obf-LaboratoryObservation]]}
","A coded finding based on a specimen, usually collected from a patient (but possibly from a location)","A coded finding based on a specimen, usually collected from a patient (but possibly from a location).","Observations can contain observations.","Need to support individual results, or  groups of results, where the result grouping is arbitrary, but meaningful.","","","","","","","",,,,,"","value:$this.resolve().code.coding.code}
","",,"open","DiagnosticReport.result",0,*,"","us-core-7:DiagnosticReport.result or  DiagnosticReport.presentedForm or both SHALL be present. {result.exists() or presentedForm.exists()}
","OBXs","outboundRelationship[typeCode=COMP].target"
"DiagnosticReport.result","obf-lab-LeukocytesNCncPtBldQnAutoCntLabObs","Data
Atomic ValueResultAtomic resultDataTestAnalyteBatteryOrganizer","",0,1,"Y","","","Reference {[]} {[CanonicalType[http://hl7.org/fhir/us/mcode/StructureDefinition/obf-lab-LeukocytesNCncPtBldQnAutoCntLabObs]]}
","LeukocytesNCncPtBldQnAutoCntLabObs: Leukocytes [#/​volume] in Blood by Automated count","Leukocytes [#/​volume] in Blood by Automated count","","","","","","","","","",,,,,"",,,,"DiagnosticReport.result",0,*,"","us-core-7:DiagnosticReport.result or  DiagnosticReport.presentedForm or both SHALL be present. {result.exists() or presentedForm.exists()}
","OBXs","outboundRelationship[typeCode=COMP].target"
"DiagnosticReport.result","obf-lab-ErythrocytesNCncPtBldQnAutoCntLabObs","Data
Atomic ValueResultAtomic resultDataTestAnalyteBatteryOrganizer","",0,1,"Y","","","Reference {[]} {[CanonicalType[http://hl7.org/fhir/us/mcode/StructureDefinition/obf-lab-ErythrocytesNCncPtBldQnAutoCntLabObs]]}
","ErythrocytesNCncPtBldQnAutoCntLabObs: Erythrocytes [#/​volume] in Blood by Automated count","Erythrocytes [#/​volume] in Blood by Automated count.","","","","","","","","","",,,,,"",,,,"DiagnosticReport.result",0,*,"","us-core-7:DiagnosticReport.result or  DiagnosticReport.presentedForm or both SHALL be present. {result.exists() or presentedForm.exists()}
","OBXs","outboundRelationship[typeCode=COMP].target"
"DiagnosticReport.result","obf-lab-HemoglobinMCncPtBldQnLabObs","Data
Atomic ValueResultAtomic resultDataTestAnalyteBatteryOrganizer","",0,1,"Y","","","Reference {[]} {[CanonicalType[http://hl7.org/fhir/us/mcode/StructureDefinition/obf-lab-HemoglobinMCncPtBldQnLabObs]]}
","HemoglobinMCncPtBldQnLabObs: Hemoglobin [Mass/​volume] in Blood","Hemoglobin [Mass/​volume] in Blood","","","","","","","","","",,,,,"",,,,"DiagnosticReport.result",0,*,"","us-core-7:DiagnosticReport.result or  DiagnosticReport.presentedForm or both SHALL be present. {result.exists() or presentedForm.exists()}
","OBXs","outboundRelationship[typeCode=COMP].target"
"DiagnosticReport.result","obf-lab-HematocritVFrPtBldQnAutoCntLabObs","Data
Atomic ValueResultAtomic resultDataTestAnalyteBatteryOrganizer","",0,1,"Y","","","Reference {[]} {[CanonicalType[http://hl7.org/fhir/us/mcode/StructureDefinition/obf-lab-HematocritVFrPtBldQnAutoCntLabObs]]}
","HematocritVFrPtBldQnAutoCntLabObs: Hematocrit [Volume Fraction] of Blood by Automated count","Hematocrit [Volume Fraction] of Blood by Automated count","","","","","","","","","",,,,,"",,,,"DiagnosticReport.result",0,*,"","us-core-7:DiagnosticReport.result or  DiagnosticReport.presentedForm or both SHALL be present. {result.exists() or presentedForm.exists()}
","OBXs","outboundRelationship[typeCode=COMP].target"
"DiagnosticReport.result","obf-lab-MeanCorpuscularVolumeEntVolPtRBCQnAutoCntLabObs","Data
Atomic ValueResultAtomic resultDataTestAnalyteBatteryOrganizer","",0,1,"Y","","","Reference {[]} {[CanonicalType[http://hl7.org/fhir/us/mcode/StructureDefinition/obf-lab-MeanCorpuscularVolumeEntVolPtRBCQnAutoCntLabObs]]}
","MeanCorpuscularVolumeEntVolPtRBCQnAutoCntLabObs: MCV [Entitic volume] by Automated count","MCV [Entitic volume] by Automated count","","","","","","","","","",,,,,"",,,,"DiagnosticReport.result",0,*,"","us-core-7:DiagnosticReport.result or  DiagnosticReport.presentedForm or both SHALL be present. {result.exists() or presentedForm.exists()}
","OBXs","outboundRelationship[typeCode=COMP].target"
"DiagnosticReport.result","obf-lab-ErythrocyteMCHEntMassPtRBCQnAutoCntLabObs","Data
Atomic ValueResultAtomic resultDataTestAnalyteBatteryOrganizer","",0,1,"Y","","","Reference {[]} {[CanonicalType[http://hl7.org/fhir/us/mcode/StructureDefinition/obf-lab-ErythrocyteMCHEntMassPtRBCQnAutoCntLabObs]]}
","ErythrocyteMCHEntMassPtRBCQnAutoCntLabObs: MCH [Entitic mass] by Automated count","MCH [Entitic mass] by Automated count","","","","","","","","","",,,,,"",,,,"DiagnosticReport.result",0,*,"","us-core-7:DiagnosticReport.result or  DiagnosticReport.presentedForm or both SHALL be present. {result.exists() or presentedForm.exists()}
","OBXs","outboundRelationship[typeCode=COMP].target"
"DiagnosticReport.result","obf-lab-ErythrocyteMCHCMCncPtRBCQnAutoCntLabObs","Data
Atomic ValueResultAtomic resultDataTestAnalyteBatteryOrganizer","",0,1,"Y","","","Reference {[]} {[CanonicalType[http://hl7.org/fhir/us/mcode/StructureDefinition/obf-lab-ErythrocyteMCHCMCncPtRBCQnAutoCntLabObs]]}
","ErythrocyteMCHCMCncPtRBCQnAutoCntLabObs: MCHC [Mass/​volume] by Automated count","MCHC [Mass/​volume] by Automated count","","","","","","","","","",,,,,"",,,,"DiagnosticReport.result",0,*,"","us-core-7:DiagnosticReport.result or  DiagnosticReport.presentedForm or both SHALL be present. {result.exists() or presentedForm.exists()}
","OBXs","outboundRelationship[typeCode=COMP].target"
"DiagnosticReport.result","obf-lab-PlateletsNCncPtBldQnAutoCntLabObs","Data
Atomic ValueResultAtomic resultDataTestAnalyteBatteryOrganizer","",0,1,"Y","","","Reference {[]} {[CanonicalType[http://hl7.org/fhir/us/mcode/StructureDefinition/obf-lab-PlateletsNCncPtBldQnAutoCntLabObs]]}
","PlateletsNCncPtBldQnAutoCntLabObs: Platelets [#/​volume] in Blood by Automated count","Platelets [#/​volume] in Blood by Automated count","","","","","","","","","",,,,,"",,,,"DiagnosticReport.result",0,*,"","us-core-7:DiagnosticReport.result or  DiagnosticReport.presentedForm or both SHALL be present. {result.exists() or presentedForm.exists()}
","OBXs","outboundRelationship[typeCode=COMP].target"
"DiagnosticReport.result","obf-lab-Neutrophils100WBCNFrPtBldQnAutoCntLabObs","Data
Atomic ValueResultAtomic resultDataTestAnalyteBatteryOrganizer","",0,1,"Y","","","Reference {[]} {[CanonicalType[http://hl7.org/fhir/us/mcode/StructureDefinition/obf-lab-Neutrophils100WBCNFrPtBldQnAutoCntLabObs]]}
","Neutrophils100WBCNFrPtBldQnAutoCntLabObs: Neutrophils/​100 leukocytes in Blood by Automated count","Neutrophils/​100 leukocytes in Blood by Automated count","","","","","","","","","",,,,,"",,,,"DiagnosticReport.result",0,*,"","us-core-7:DiagnosticReport.result or  DiagnosticReport.presentedForm or both SHALL be present. {result.exists() or presentedForm.exists()}
","OBXs","outboundRelationship[typeCode=COMP].target"
"DiagnosticReport.result","obf-lab-NeutrophilsNCncPtBldQnAutoCntLabObs","Data
Atomic ValueResultAtomic resultDataTestAnalyteBatteryOrganizer","",0,1,"Y","","","Reference {[]} {[CanonicalType[http://hl7.org/fhir/us/mcode/StructureDefinition/obf-lab-NeutrophilsNCncPtBldQnAutoCntLabObs]]}
","NeutrophilsNCncPtBldQnAutoCntLabObs: Neutrophils [#/​volume] in Blood by Automated count","Neutrophils [#/​volume] in Blood by Automated count","","","","","","","","","",,,,,"",,,,"DiagnosticReport.result",0,*,"","us-core-7:DiagnosticReport.result or  DiagnosticReport.presentedForm or both SHALL be present. {result.exists() or presentedForm.exists()}
","OBXs","outboundRelationship[typeCode=COMP].target"
"DiagnosticReport.result","obf-lab-ErythrocyteDistributionWidthRatioPtRBCQnAutoCntLabObs","Data
Atomic ValueResultAtomic resultDataTestAnalyteBatteryOrganizer","",0,1,"Y","","","Reference {[]} {[CanonicalType[http://hl7.org/fhir/us/mcode/StructureDefinition/obf-lab-ErythrocyteDistributionWidthRatioPtRBCQnAutoCntLabObs]]}
","ErythrocyteDistributionWidthRatioPtRBCQnAutoCntLabObs: Erythrocyte distribution width [Ratio] by Automated count","Erythrocyte distribution width [Ratio] by Automated count","","","","","","","","","",,,,,"",,,,"DiagnosticReport.result",0,*,"","us-core-7:DiagnosticReport.result or  DiagnosticReport.presentedForm or both SHALL be present. {result.exists() or presentedForm.exists()}
","OBXs","outboundRelationship[typeCode=COMP].target"
"DiagnosticReport.result","obf-lab-Lymphocytes100WBCNFrPtBldQnAutoCntLabObs","Data
Atomic ValueResultAtomic resultDataTestAnalyteBatteryOrganizer","",0,1,"Y","","","Reference {[]} {[CanonicalType[http://hl7.org/fhir/us/mcode/StructureDefinition/obf-lab-Lymphocytes100WBCNFrPtBldQnAutoCntLabObs]]}
","Lymphocytes100WBCNFrPtBldQnAutoCntLabObs: Lymphocytes/​100 leukocytes in Blood by Automated count","Lymphocytes/​100 leukocytes in Blood by Automated count","","","","","","","","","",,,,,"",,,,"DiagnosticReport.result",0,*,"","us-core-7:DiagnosticReport.result or  DiagnosticReport.presentedForm or both SHALL be present. {result.exists() or presentedForm.exists()}
","OBXs","outboundRelationship[typeCode=COMP].target"
"DiagnosticReport.result","obf-lab-Monocytes100WBCNFrPtBldQnAutoCntLabObs","Data
Atomic ValueResultAtomic resultDataTestAnalyteBatteryOrganizer","",0,1,"Y","","","Reference {[]} {[CanonicalType[http://hl7.org/fhir/us/mcode/StructureDefinition/obf-lab-Monocytes100WBCNFrPtBldQnAutoCntLabObs]]}
","Monocytes100WBCNFrPtBldQnAutoCntLabObs: Monocytes/​100 leukocytes in Blood by Automated count","Monocytes/​100 leukocytes in Blood by Automated count","","","","","","","","","",,,,,"",,,,"DiagnosticReport.result",0,*,"","us-core-7:DiagnosticReport.result or  DiagnosticReport.presentedForm or both SHALL be present. {result.exists() or presentedForm.exists()}
","OBXs","outboundRelationship[typeCode=COMP].target"
"DiagnosticReport.result","obf-lab-Eosinophils100WBCNFrPtBldQnAutoCntLabObs","Data
Atomic ValueResultAtomic resultDataTestAnalyteBatteryOrganizer","",0,1,"Y","","","Reference {[]} {[CanonicalType[http://hl7.org/fhir/us/mcode/StructureDefinition/obf-lab-Eosinophils100WBCNFrPtBldQnAutoCntLabObs]]}
","Eosinophils100WBCNFrPtBldQnAutoCntLabObs: Eosinophils/​100 leukocytes in Blood by Automated count","Eosinophils/​100 leukocytes in Blood by Automated count","","","","","","","","","",,,,,"",,,,"DiagnosticReport.result",0,*,"","us-core-7:DiagnosticReport.result or  DiagnosticReport.presentedForm or both SHALL be present. {result.exists() or presentedForm.exists()}
","OBXs","outboundRelationship[typeCode=COMP].target"
"DiagnosticReport.result","obf-lab-Basophils100WBCNFrPtBldQnAutoCntLabObs","Data
Atomic ValueResultAtomic resultDataTestAnalyteBatteryOrganizer","",0,1,"Y","","","Reference {[]} {[CanonicalType[http://hl7.org/fhir/us/mcode/StructureDefinition/obf-lab-Basophils100WBCNFrPtBldQnAutoCntLabObs]]}
","Basophils100WBCNFrPtBldQnAutoCntLabObs: Basophils/​100 leukocytes in Blood by Automated count","Basophils/​100 leukocytes in Blood by Automated count","","","","","","","","","",,,,,"",,,,"DiagnosticReport.result",0,*,"","us-core-7:DiagnosticReport.result or  DiagnosticReport.presentedForm or both SHALL be present. {result.exists() or presentedForm.exists()}
","OBXs","outboundRelationship[typeCode=COMP].target"
"DiagnosticReport.result","obf-lab-LymphocytesNCncPtBldQnAutoCntLabObs","Data
Atomic ValueResultAtomic resultDataTestAnalyteBatteryOrganizer","",0,1,"Y","","","Reference {[]} {[CanonicalType[http://hl7.org/fhir/us/mcode/StructureDefinition/obf-lab-LymphocytesNCncPtBldQnAutoCntLabObs]]}
","LymphocytesNCncPtBldQnAutoCntLabObs: Lymphocytes [#/​volume] in Blood by Automated count","Lymphocytes [#/​volume] in Blood by Automated count","","","","","","","","","",,,,,"",,,,"DiagnosticReport.result",0,*,"","us-core-7:DiagnosticReport.result or  DiagnosticReport.presentedForm or both SHALL be present. {result.exists() or presentedForm.exists()}
","OBXs","outboundRelationship[typeCode=COMP].target"
"DiagnosticReport.result","obf-lab-MonocytesNCncPtBldQnAutoCntLabObs","Data
Atomic ValueResultAtomic resultDataTestAnalyteBatteryOrganizer","",0,1,"Y","","","Reference {[]} {[CanonicalType[http://hl7.org/fhir/us/mcode/StructureDefinition/obf-lab-MonocytesNCncPtBldQnAutoCntLabObs]]}
","MonocytesNCncPtBldQnAutoCntLabObs: Monocytes [#/​volume] in Blood by Automated count","Monocytes [#/​volume] in Blood by Automated count","","","","","","","","","",,,,,"",,,,"DiagnosticReport.result",0,*,"","us-core-7:DiagnosticReport.result or  DiagnosticReport.presentedForm or both SHALL be present. {result.exists() or presentedForm.exists()}
","OBXs","outboundRelationship[typeCode=COMP].target"
"DiagnosticReport.result","obf-lab-EosinophilsNCncPtBldQnAutoCntLabObs","Data
Atomic ValueResultAtomic resultDataTestAnalyteBatteryOrganizer","",0,1,"Y","","","Reference {[]} {[CanonicalType[http://hl7.org/fhir/us/mcode/StructureDefinition/obf-lab-EosinophilsNCncPtBldQnAutoCntLabObs]]}
","EosinophilsNCncPtBldQnAutoCntLabObs: Eosinophils [#/​volume] in Blood by Automated count","Eosinophils [#/​volume] in Blood by Automated count","","","","","","","","","",,,,,"",,,,"DiagnosticReport.result",0,*,"","us-core-7:DiagnosticReport.result or  DiagnosticReport.presentedForm or both SHALL be present. {result.exists() or presentedForm.exists()}
","OBXs","outboundRelationship[typeCode=COMP].target"
"DiagnosticReport.result","obf-lab-BasophilsNCncPtBldQnAutoCntLabObs","Data
Atomic ValueResultAtomic resultDataTestAnalyteBatteryOrganizer","",0,1,"Y","","","Reference {[]} {[CanonicalType[http://hl7.org/fhir/us/mcode/StructureDefinition/obf-lab-BasophilsNCncPtBldQnAutoCntLabObs]]}
","BasophilsNCncPtBldQnAutoCntLabObs: Basophils [#/​volume] in Blood by Automated count","Basophils [#/​volume] in Blood by Automated count","","","","","","","","","",,,,,"",,,,"DiagnosticReport.result",0,*,"","us-core-7:DiagnosticReport.result or  DiagnosticReport.presentedForm or both SHALL be present. {result.exists() or presentedForm.exists()}
","OBXs","outboundRelationship[typeCode=COMP].target"
"DiagnosticReport.result","obf-lab-NeutrophilsBandForm100WBCNFrPtBldQnManCntLabObs","Data
Atomic ValueResultAtomic resultDataTestAnalyteBatteryOrganizer","",0,1,"Y","","","Reference {[]} {[CanonicalType[http://hl7.org/fhir/us/mcode/StructureDefinition/obf-lab-NeutrophilsBandForm100WBCNFrPtBldQnManCntLabObs]]}
","NeutrophilsBandForm100WBCNFrPtBldQnManCntLabObs: Band form neutrophils/100 leukocytes in Blood by Manual count","Band form neutrophils/100 leukocytes in Blood by Manual count","","","","","","","","","",,,,,"",,,,"DiagnosticReport.result",0,*,"","us-core-7:DiagnosticReport.result or  DiagnosticReport.presentedForm or both SHALL be present. {result.exists() or presentedForm.exists()}
","OBXs","outboundRelationship[typeCode=COMP].target"
"DiagnosticReport.result","obf-lab-Metamyelocytes100WBCNFrPtBldQnManCntLabObs","Data
Atomic ValueResultAtomic resultDataTestAnalyteBatteryOrganizer","",0,1,"Y","","","Reference {[]} {[CanonicalType[http://hl7.org/fhir/us/mcode/StructureDefinition/obf-lab-Metamyelocytes100WBCNFrPtBldQnManCntLabObs]]}
","Metamyelocytes100WBCNFrPtBldQnManCntLabObs: Metamyelocytes/100 leukocytes in Blood by Manual count","Metamyelocytes/100 leukocytes in Blood by Manual count","","","","","","","","","",,,,,"",,,,"DiagnosticReport.result",0,*,"","us-core-7:DiagnosticReport.result or  DiagnosticReport.presentedForm or both SHALL be present. {result.exists() or presentedForm.exists()}
","OBXs","outboundRelationship[typeCode=COMP].target"
"DiagnosticReport.result","obf-lab-Myelocytes100WBCNFrPtBldQnManCntLabObs","Data
Atomic ValueResultAtomic resultDataTestAnalyteBatteryOrganizer","",0,1,"Y","","","Reference {[]} {[CanonicalType[http://hl7.org/fhir/us/mcode/StructureDefinition/obf-lab-Myelocytes100WBCNFrPtBldQnManCntLabObs]]}
","Myelocytes100WBCNFrPtBldQnManCntLabObs: Myelocytes/100 leukocytes in Blood by Manual count","Myelocytes/100 leukocytes in Blood by Manual count","","","","","","","","","",,,,,"",,,,"DiagnosticReport.result",0,*,"","us-core-7:DiagnosticReport.result or  DiagnosticReport.presentedForm or both SHALL be present. {result.exists() or presentedForm.exists()}
","OBXs","outboundRelationship[typeCode=COMP].target"
"DiagnosticReport.result","obf-lab-Promyelocytes100WBCNFrPtBldQnManCntLabObs","Data
Atomic ValueResultAtomic resultDataTestAnalyteBatteryOrganizer","",0,1,"Y","","","Reference {[]} {[CanonicalType[http://hl7.org/fhir/us/mcode/StructureDefinition/obf-lab-Promyelocytes100WBCNFrPtBldQnManCntLabObs]]}
","Promyelocytes100WBCNFrPtBldQnManCntLabObs: Promyelocytes/100 leukocytes in Blood by Manual count","Promyelocytes/100 leukocytes in Blood by Manual count","","","","","","","","","",,,,,"",,,,"DiagnosticReport.result",0,*,"","us-core-7:DiagnosticReport.result or  DiagnosticReport.presentedForm or both SHALL be present. {result.exists() or presentedForm.exists()}
","OBXs","outboundRelationship[typeCode=COMP].target"
"DiagnosticReport.result","obf-lab-PromyelocytesNCncPtBldQnLabObs","Data
Atomic ValueResultAtomic resultDataTestAnalyteBatteryOrganizer","",0,1,"Y","","","Reference {[]} {[CanonicalType[http://hl7.org/fhir/us/mcode/StructureDefinition/obf-lab-PromyelocytesNCncPtBldQnLabObs]]}
","PromyelocytesNCncPtBldQnLabObs: Promyelocytes [#/volume] in Blood","Promyelocytes [#/volume] in Blood","","","","","","","","","",,,,,"",,,,"DiagnosticReport.result",0,*,"","us-core-7:DiagnosticReport.result or  DiagnosticReport.presentedForm or both SHALL be present. {result.exists() or presentedForm.exists()}
","OBXs","outboundRelationship[typeCode=COMP].target"
"DiagnosticReport.result","obf-lab-LymphocytesVariant100WBCNFrPtBldQnLabObs","Data
Atomic ValueResultAtomic resultDataTestAnalyteBatteryOrganizer","",0,1,"Y","","","Reference {[]} {[CanonicalType[http://hl7.org/fhir/us/mcode/StructureDefinition/obf-lab-LymphocytesVariant100WBCNFrPtBldQnLabObs]]}
","LymphocytesVariant100WBCNFrPtBldQnLabObs: Variant lymphocytes/100 leukocytes in Blood","Variant lymphocytes/100 leukocytes in Blood","","","","","","","","","",,,,,"",,,,"DiagnosticReport.result",0,*,"","us-core-7:DiagnosticReport.result or  DiagnosticReport.presentedForm or both SHALL be present. {result.exists() or presentedForm.exists()}
","OBXs","outboundRelationship[typeCode=COMP].target"
"DiagnosticReport.result","obf-lab-Blasts100WBCNFrPtBldQnManCntLabObs","Data
Atomic ValueResultAtomic resultDataTestAnalyteBatteryOrganizer","",0,1,"Y","","","Reference {[]} {[CanonicalType[http://hl7.org/fhir/us/mcode/StructureDefinition/obf-lab-Blasts100WBCNFrPtBldQnManCntLabObs]]}
","Blasts100WBCNFrPtBldQnManCntLabObs: Blasts/100 leukocytes in Blood by Manual count","Blasts/100 leukocytes in Blood by Manual count","","","","","","","","","",,,,,"",,,,"DiagnosticReport.result",0,*,"","us-core-7:DiagnosticReport.result or  DiagnosticReport.presentedForm or both SHALL be present. {result.exists() or presentedForm.exists()}
","OBXs","outboundRelationship[typeCode=COMP].target"
"DiagnosticReport.result","obf-lab-BlastsNCncPtBldQnLabObs","Data
Atomic ValueResultAtomic resultDataTestAnalyteBatteryOrganizer","",0,1,"Y","","","Reference {[]} {[CanonicalType[http://hl7.org/fhir/us/mcode/StructureDefinition/obf-lab-BlastsNCncPtBldQnLabObs]]}
","BlastsNCncPtBldQnLabObs: Blasts [#/volume] in Blood. Units not required by LOINC but are strongly recommended.","Blasts [#/volume] in Blood. Units not required by LOINC but are strongly recommended.","","","","","","","","","",,,,,"",,,,"DiagnosticReport.result",0,*,"","us-core-7:DiagnosticReport.result or  DiagnosticReport.presentedForm or both SHALL be present. {result.exists() or presentedForm.exists()}
","OBXs","outboundRelationship[typeCode=COMP].target"
"DiagnosticReport.result","obf-lab-ErythrocytesNucleated100WBCRatioPtBldQnLabObs","Data
Atomic ValueResultAtomic resultDataTestAnalyteBatteryOrganizer","",0,1,"Y","","","Reference {[]} {[CanonicalType[http://hl7.org/fhir/us/mcode/StructureDefinition/obf-lab-ErythrocytesNucleated100WBCRatioPtBldQnLabObs]]}
","ErythrocytesNucleated100WBCRatioPtBldQnLabObs: Nucleated erythrocytes/100 leukocytes [Ratio] in Blood.  Units are required.","Nucleated erythrocytes/100 leukocytes [Ratio] in Blood.  Units are required.","","","","","","","","","",,,,,"",,,,"DiagnosticReport.result",0,*,"","us-core-7:DiagnosticReport.result or  DiagnosticReport.presentedForm or both SHALL be present. {result.exists() or presentedForm.exists()}
","OBXs","outboundRelationship[typeCode=COMP].target"
"DiagnosticReport.result","obf-lab-ErythrocytesNucleatedNCncPtBldQnLabObs","Data
Atomic ValueResultAtomic resultDataTestAnalyteBatteryOrganizer","",0,1,"Y","","","Reference {[]} {[CanonicalType[http://hl7.org/fhir/us/mcode/StructureDefinition/obf-lab-ErythrocytesNucleatedNCncPtBldQnLabObs]]}
","ErythrocytesNucleatedNCncPtBldQnLabObs: Nucleated erythrocytes [#/volume] in Blood. Units not required by LOINC but are strongly recommended.","Nucleated erythrocytes [#/volume] in Blood. Units not required by LOINC but are strongly recommended.","","","","","","","","","",,,,,"",,,,"DiagnosticReport.result",0,*,"","us-core-7:DiagnosticReport.result or  DiagnosticReport.presentedForm or both SHALL be present. {result.exists() or presentedForm.exists()}
","OBXs","outboundRelationship[typeCode=COMP].target"
"DiagnosticReport.result","obf-lab-PlateletMeanVolumeEntVolPtBldQnReesEckerLabObs","Data
Atomic ValueResultAtomic resultDataTestAnalyteBatteryOrganizer","",0,1,"Y","","","Reference {[]} {[CanonicalType[http://hl7.org/fhir/us/mcode/StructureDefinition/obf-lab-PlateletMeanVolumeEntVolPtBldQnReesEckerLabObs]]}
","PlateletMeanVolumeEntVolPtBldQnReesEckerLabObs: Platelet mean volume [Entitic volume] in Blood by Rees-Ecker","Platelet mean volume [Entitic volume] in Blood by Rees-Ecker.","","","","","","","","","",,,,,"",,,,"DiagnosticReport.result",0,*,"","us-core-7:DiagnosticReport.result or  DiagnosticReport.presentedForm or both SHALL be present. {result.exists() or presentedForm.exists()}
","OBXs","outboundRelationship[typeCode=COMP].target"
"DiagnosticReport.result","obf-lab-MyelocytesNCncPtBldQnLabObs","Data
Atomic ValueResultAtomic resultDataTestAnalyteBatteryOrganizer","",0,1,"Y","","","Reference {[]} {[CanonicalType[http://hl7.org/fhir/us/mcode/StructureDefinition/obf-lab-MyelocytesNCncPtBldQnLabObs]]}
","MyelocytesNCncPtBldQnLabObs: Myelocytes [#/volume] in Blood. Units not required by LOINC but are strongly recommended.","Myelocytes [#/volume] in Blood. Units not required by LOINC but are strongly recommended.","","","","","","","","","",,,,,"",,,,"DiagnosticReport.result",0,*,"","us-core-7:DiagnosticReport.result or  DiagnosticReport.presentedForm or both SHALL be present. {result.exists() or presentedForm.exists()}
","OBXs","outboundRelationship[typeCode=COMP].target"
"DiagnosticReport.result","obf-lab-MetamyelocytesNCncPtBldQnLabObs","Data
Atomic ValueResultAtomic resultDataTestAnalyteBatteryOrganizer","",0,1,"Y","","","Reference {[]} {[CanonicalType[http://hl7.org/fhir/us/mcode/StructureDefinition/obf-lab-MetamyelocytesNCncPtBldQnLabObs]]}
","MetamyelocytesNCncPtBldQnLabObs: Metamyelocytes [#/volume] in Blood","Metamyelocytes [#/volume] in Blood","","","","","","","","","",,,,,"",,,,"DiagnosticReport.result",0,*,"","us-core-7:DiagnosticReport.result or  DiagnosticReport.presentedForm or both SHALL be present. {result.exists() or presentedForm.exists()}
","OBXs","outboundRelationship[typeCode=COMP].target"
"DiagnosticReport.result","obf-lab-NeutrophilsBandFormNCncPtBldQnLabObs","Data
Atomic ValueResultAtomic resultDataTestAnalyteBatteryOrganizer","",0,1,"Y","","","Reference {[]} {[CanonicalType[http://hl7.org/fhir/us/mcode/StructureDefinition/obf-lab-NeutrophilsBandFormNCncPtBldQnLabObs]]}
","NeutrophilsBandFormNCncPtBldQnLabObs: Band form neutrophils [#/volume] in Blood","Band form neutrophils [#/volume] in Blood","","","","","","","","","",,,,,"",,,,"DiagnosticReport.result",0,*,"","us-core-7:DiagnosticReport.result or  DiagnosticReport.presentedForm or both SHALL be present. {result.exists() or presentedForm.exists()}
","OBXs","outboundRelationship[typeCode=COMP].target"
"DiagnosticReport.result","obf-lab-GranulocytesImmature100WBCNFrPtBldQnAutoCntLabObs","Data
Atomic ValueResultAtomic resultDataTestAnalyteBatteryOrganizer","",0,1,"Y","","","Reference {[]} {[CanonicalType[http://hl7.org/fhir/us/mcode/StructureDefinition/obf-lab-GranulocytesImmature100WBCNFrPtBldQnAutoCntLabObs]]}
","GranulocytesImmature100WBCNFrPtBldQnAutoCntLabObs: Immature granulocytes/100 leukocytes in Blood by Automated count. LOINC does not specify that units are required.","Immature granulocytes/100 leukocytes in Blood by Automated count. LOINC does not specify that units are required.","","","","","","","","","",,,,,"",,,,"DiagnosticReport.result",0,*,"","us-core-7:DiagnosticReport.result or  DiagnosticReport.presentedForm or both SHALL be present. {result.exists() or presentedForm.exists()}
","OBXs","outboundRelationship[typeCode=COMP].target"
"DiagnosticReport.result","obf-lab-GranulocytesImmatureNCncPtBldQnAutoCntLabObs","Data
Atomic ValueResultAtomic resultDataTestAnalyteBatteryOrganizer","",0,1,"Y","","","Reference {[]} {[CanonicalType[http://hl7.org/fhir/us/mcode/StructureDefinition/obf-lab-GranulocytesImmatureNCncPtBldQnAutoCntLabObs]]}
","GranulocytesImmatureNCncPtBldQnAutoCntLabObs: Immature granulocytes [#/volume] in Blood by Automated count. Units are not required","Immature granulocytes [#/volume] in Blood by Automated count. Units are not required","","","","","","","","","",,,,,"",,,,"DiagnosticReport.result",0,*,"","us-core-7:DiagnosticReport.result or  DiagnosticReport.presentedForm or both SHALL be present. {result.exists() or presentedForm.exists()}
","OBXs","outboundRelationship[typeCode=COMP].target"
"DiagnosticReport.result","obf-lab-ErythrocytesNucleated100WBCRatioPtBldQnAutoCntLabObs","Data
Atomic ValueResultAtomic resultDataTestAnalyteBatteryOrganizer","",0,1,"Y","","","Reference {[]} {[CanonicalType[http://hl7.org/fhir/us/mcode/StructureDefinition/obf-lab-ErythrocytesNucleated100WBCRatioPtBldQnAutoCntLabObs]]}
","ErythrocytesNucleated100WBCRatioPtBldQnAutoCntLabObs: Nucleated erythrocytes/100 leukocytes [Ratio] in Blood by Automated count. Units not required by LOINC but are strongly recommended.","Nucleated erythrocytes/100 leukocytes [Ratio] in Blood by Automated count. Units not required by LOINC but are strongly recommended.","","","","","","","","","",,,,,"",,,,"DiagnosticReport.result",0,*,"","us-core-7:DiagnosticReport.result or  DiagnosticReport.presentedForm or both SHALL be present. {result.exists() or presentedForm.exists()}
","OBXs","outboundRelationship[typeCode=COMP].target"
"DiagnosticReport.result","obf-lab-MorphologyImpPtBldNarLabObs","Data
Atomic ValueResultAtomic resultDataTestAnalyteBatteryOrganizer","",0,1,"Y","","","Reference {[]} {[CanonicalType[http://hl7.org/fhir/us/mcode/StructureDefinition/obf-lab-MorphologyImpPtBldNarLabObs]]}
","MorphologyImpPtBldNarLabObs: Morphology [Interpretation] in Blood Narrative","Morphology [Interpretation] in Blood Narrative.","","","","","","","","","",,,,,"",,,,"DiagnosticReport.result",0,*,"","us-core-7:DiagnosticReport.result or  DiagnosticReport.presentedForm or both SHALL be present. {result.exists() or presentedForm.exists()}
","OBXs","outboundRelationship[typeCode=COMP].target"
"DiagnosticReport.result","obf-lab-ErythrocyteDistributionWidthEntVolPtRBCQnLabObs","Data
Atomic ValueResultAtomic resultDataTestAnalyteBatteryOrganizer","",0,1,"Y","","","Reference {[]} {[CanonicalType[http://hl7.org/fhir/us/mcode/StructureDefinition/obf-lab-ErythrocyteDistributionWidthEntVolPtRBCQnLabObs]]}
","ErythrocyteDistributionWidthEntVolPtRBCQnLabObs: Erythrocyte distribution width [Entitic volume] by Automated count","Erythrocyte distribution width [Entitic volume] by Automated count","","","","","","","","","",,,,,"",,,,"DiagnosticReport.result",0,*,"","us-core-7:DiagnosticReport.result or  DiagnosticReport.presentedForm or both SHALL be present. {result.exists() or presentedForm.exists()}
","OBXs","outboundRelationship[typeCode=COMP].target"
"DiagnosticReport.result","obf-lab-PlateletDistributionWidthEntVolPtBldQnAutoCntLabObs","Data
Atomic ValueResultAtomic resultDataTestAnalyteBatteryOrganizer","",0,1,"Y","","","Reference {[]} {[CanonicalType[http://hl7.org/fhir/us/mcode/StructureDefinition/obf-lab-PlateletDistributionWidthEntVolPtBldQnAutoCntLabObs]]}
","PlateletDistributionWidthEntVolPtBldQnAutoCntLabObs: Platelet distribution width [Entitic volume] in Blood by Automated count. Units not required by LOINC but are strongly recommended.","Platelet distribution width [Entitic volume] in Blood by Automated count. Units not required by LOINC but are strongly recommended.","","","","","","","","","",,,,,"",,,,"DiagnosticReport.result",0,*,"","us-core-7:DiagnosticReport.result or  DiagnosticReport.presentedForm or both SHALL be present. {result.exists() or presentedForm.exists()}
","OBXs","outboundRelationship[typeCode=COMP].target"
"DiagnosticReport.result","obf-lab-PlateletMeanVolumeEntVolPtBldQnAutoCntLabObs","Data
Atomic ValueResultAtomic resultDataTestAnalyteBatteryOrganizer","",0,1,"Y","","","Reference {[]} {[CanonicalType[http://hl7.org/fhir/us/mcode/StructureDefinition/obf-lab-PlateletMeanVolumeEntVolPtBldQnAutoCntLabObs]]}
","PlateletMeanVolumeEntVolPtBldQnAutoCntLabObs: Platelet mean volume [Entitic volume] in Blood by Automated count. Units not required by LOINC but are strongly recommended.","Platelet mean volume [Entitic volume] in Blood by Automated count. Units not required by LOINC but are strongly recommended.","","","","","","","","","",,,,,"",,,,"DiagnosticReport.result",0,*,"","us-core-7:DiagnosticReport.result or  DiagnosticReport.presentedForm or both SHALL be present. {result.exists() or presentedForm.exists()}
","OBXs","outboundRelationship[typeCode=COMP].target"
"DiagnosticReport.result","obf-lab-NeutrophilsBandForm100WBCNFrPtBldQnAutoCntLabObs","Data
Atomic ValueResultAtomic resultDataTestAnalyteBatteryOrganizer","",0,1,"Y","","","Reference {[]} {[CanonicalType[http://hl7.org/fhir/us/mcode/StructureDefinition/obf-lab-NeutrophilsBandForm100WBCNFrPtBldQnAutoCntLabObs]]}
","NeutrophilsBandForm100WBCNFrPtBldQnAutoCntLabObs: Band form neutrophils/​100 leukocytes in Blood by Automated count. Units not required by LOINC but are strongly recommended.","Band form neutrophils/​100 leukocytes in Blood by Automated count. Units not required by LOINC but are strongly recommended.","","","","","","","","","",,,,,"",,,,"DiagnosticReport.result",0,*,"","us-core-7:DiagnosticReport.result or  DiagnosticReport.presentedForm or both SHALL be present. {result.exists() or presentedForm.exists()}
","OBXs","outboundRelationship[typeCode=COMP].target"
"DiagnosticReport.result","obf-lab-Granulocytes100WBCNFrPtBldQnAutoCntLabObs","Data
Atomic ValueResultAtomic resultDataTestAnalyteBatteryOrganizer","",0,1,"Y","","","Reference {[]} {[CanonicalType[http://hl7.org/fhir/us/mcode/StructureDefinition/obf-lab-Granulocytes100WBCNFrPtBldQnAutoCntLabObs]]}
","Granulocytes100WBCNFrPtBldQnAutoCntLabObs: Granulocytes/​100 leukocytes in Blood by Automated count","Granulocytes/​100 leukocytes in Blood by Automated count","","","","","","","","","",,,,,"",,,,"DiagnosticReport.result",0,*,"","us-core-7:DiagnosticReport.result or  DiagnosticReport.presentedForm or both SHALL be present. {result.exists() or presentedForm.exists()}
","OBXs","outboundRelationship[typeCode=COMP].target"
"DiagnosticReport.result","obf-lab-LymphocytesVariant100WBCNFrPtBldQnAutoCntLabObs","Data
Atomic ValueResultAtomic resultDataTestAnalyteBatteryOrganizer","",0,1,"Y","","","Reference {[]} {[CanonicalType[http://hl7.org/fhir/us/mcode/StructureDefinition/obf-lab-LymphocytesVariant100WBCNFrPtBldQnAutoCntLabObs]]}
","LymphocytesVariant100WBCNFrPtBldQnAutoCntLabObs: Variant lymphocytes/​100 leukocytes in Blood by Automated count. Units not required by LOINC but are strongly recommended.","Variant lymphocytes/​100 leukocytes in Blood by Automated count. Units not required by LOINC but are strongly recommended.","","","","","","","","","",,,,,"",,,,"DiagnosticReport.result",0,*,"","us-core-7:DiagnosticReport.result or  DiagnosticReport.presentedForm or both SHALL be present. {result.exists() or presentedForm.exists()}
","OBXs","outboundRelationship[typeCode=COMP].target"
"DiagnosticReport.result","obf-lab-OtherCells100WBCNFrPtBldQnAutoCntLabObs","Data
Atomic ValueResultAtomic resultDataTestAnalyteBatteryOrganizer","",0,1,"Y","","","Reference {[]} {[CanonicalType[http://hl7.org/fhir/us/mcode/StructureDefinition/obf-lab-OtherCells100WBCNFrPtBldQnAutoCntLabObs]]}
","OtherCells100WBCNFrPtBldQnAutoCntLabObs: Other cells/​100 leukocytes in Blood by Automated count. Units not required by LOINC but are strongly recommended.","Other cells/​100 leukocytes in Blood by Automated count. Units not required by LOINC but are strongly recommended.","","","","","","","","","",,,,,"",,,,"DiagnosticReport.result",0,*,"","us-core-7:DiagnosticReport.result or  DiagnosticReport.presentedForm or both SHALL be present. {result.exists() or presentedForm.exists()}
","OBXs","outboundRelationship[typeCode=COMP].target"
"DiagnosticReport.result","obf-lab-NeutrophilsBandFormNCncPtBldQnAutoCntLabObs","Data
Atomic ValueResultAtomic resultDataTestAnalyteBatteryOrganizer","",0,1,"Y","","","Reference {[]} {[CanonicalType[http://hl7.org/fhir/us/mcode/StructureDefinition/obf-lab-NeutrophilsBandFormNCncPtBldQnAutoCntLabObs]]}
","NeutrophilsBandFormNCncPtBldQnAutoCntLabObs: Band form neutrophils [#/​volume] in Blood by Automated count","Band form neutrophils [#/​volume] in Blood by Automated count","","","","","","","","","",,,,,"",,,,"DiagnosticReport.result",0,*,"","us-core-7:DiagnosticReport.result or  DiagnosticReport.presentedForm or both SHALL be present. {result.exists() or presentedForm.exists()}
","OBXs","outboundRelationship[typeCode=COMP].target"
"DiagnosticReport.result","obf-lab-LymphocytesVariantNCncPtBldQnAutoCntLabObs","Data
Atomic ValueResultAtomic resultDataTestAnalyteBatteryOrganizer","",0,1,"Y","","","Reference {[]} {[CanonicalType[http://hl7.org/fhir/us/mcode/StructureDefinition/obf-lab-LymphocytesVariantNCncPtBldQnAutoCntLabObs]]}
","LymphocytesVariantNCncPtBldQnAutoCntLabObs: Variant lymphocytes [#/​volume] in Blood by Automated count. Units not required by LOINC but are strongly recommended.","Variant lymphocytes [#/​volume] in Blood by Automated count. Units not required by LOINC but are strongly recommended.","","","","","","","","","",,,,,"",,,,"DiagnosticReport.result",0,*,"","us-core-7:DiagnosticReport.result or  DiagnosticReport.presentedForm or both SHALL be present. {result.exists() or presentedForm.exists()}
","OBXs","outboundRelationship[typeCode=COMP].target"
"DiagnosticReport.result","obf-lab-LeukocytesOtherNCncPtBldQnAutoCntLabObs","Data
Atomic ValueResultAtomic resultDataTestAnalyteBatteryOrganizer","",0,1,"Y","","","Reference {[]} {[CanonicalType[http://hl7.org/fhir/us/mcode/StructureDefinition/obf-lab-LeukocytesOtherNCncPtBldQnAutoCntLabObs]]}
","LeukocytesOtherNCncPtBldQnAutoCntLabObs: Leukocytes other [#/​volume] in Blood by Automated count. Units not required by LOINC but are strongly recommended.","Leukocytes other [#/​volume] in Blood by Automated count. Units not required by LOINC but are strongly recommended.","","","","","","","","","",,,,,"",,,,"DiagnosticReport.result",0,*,"","us-core-7:DiagnosticReport.result or  DiagnosticReport.presentedForm or both SHALL be present. {result.exists() or presentedForm.exists()}
","OBXs","outboundRelationship[typeCode=COMP].target"
"DiagnosticReport.result","obf-lab-OtherCellsNCncPtBldQnAutoCntLabObs","Data
Atomic ValueResultAtomic resultDataTestAnalyteBatteryOrganizer","",0,1,"Y","","","Reference {[]} {[CanonicalType[http://hl7.org/fhir/us/mcode/StructureDefinition/obf-lab-OtherCellsNCncPtBldQnAutoCntLabObs]]}
","OtherCellsNCncPtBldQnAutoCntLabObs: Other cells [#/​volume] in Blood by Automated count. Units not required by LOINC but are strongly recommended.","Other cells [#/​volume] in Blood by Automated count. Units not required by LOINC but are strongly recommended.","","","","","","","","","",,,,,"",,,,"DiagnosticReport.result",0,*,"","us-core-7:DiagnosticReport.result or  DiagnosticReport.presentedForm or both SHALL be present. {result.exists() or presentedForm.exists()}
","OBXs","outboundRelationship[typeCode=COMP].target"
"DiagnosticReport.imagingStudy","","","",0,*,"","","","Reference {[]} {[CanonicalType[http://hl7.org/fhir/StructureDefinition/ImagingStudy]]}
","Reference to full details of imaging associated with the diagnostic report","One or more links to full details of any imaging performed during the diagnostic investigation. Typically, this is imaging performed by DICOM enabled modalities, but this is not required. A fully enabled PACS viewer can use this information to provide views of the source images.","ImagingStudy and the image element are somewhat overlapping - typically, the list of image references in the image element will also be found in one of the imaging study resources. However, each caters to different types of displays for different types of purposes. Neither, either, or both may be provided.","","","","","","","","",,,,,"",,,,"DiagnosticReport.imagingStudy",0,*,"","","outboundRelationship[typeCode=COMP].target[classsCode=DGIMG, moodCode=EVN]"
"DiagnosticReport.media","","DICOM
SlidesScans","",0,*,"Y","","Y","BackboneElement {[]} {[]}
","Key images associated with this report","A list of key images associated with this report. The images are generally created during the diagnostic process, and may be directly of the patient, or of treated specimens (i.e. slides of interest).","","Many diagnostic services include images in the report as part of their service.","","","","","","","",,,,,"",,,,"DiagnosticReport.media",0,*,"","ele-1:All FHIR elements must have a @value or children {hasValue() or (children().count() > id.count())}
","OBX?","outboundRelationship[typeCode=COMP].target"
"DiagnosticReport.media.id","","","",0,1,"","","","string {[]} {[]}
","Unique id for inter-element referencing","Unique id for the element within a resource (for internal references). This may be any string value that does not contain spaces.","","","","","","","","","",,,,,"",,,,"Element.id",0,1,"","","n/a"
"DiagnosticReport.media.extension","","extensions
user content","",0,*,"","","","Extension {[]} {[]}
","Additional content defined by implementations","May be used to represent additional information that is not part of the basic definition of the element. To make the use of extensions safe and manageable, there is a strict set of governance  applied to the definition and use of extensions. Though any implementer can define an extension, there is a set of requirements that SHALL be met as part of the definition of the extension.","There can be no stigma associated with the use of extensions by any application, project, or standard - regardless of the institution or jurisdiction that uses or defines the extensions.  The use of extensions is what allows the FHIR specification to retain a core level of simplicity for everyone.","","","","","","","","",,,,,"",,,,"Element.extension",0,*,"","","n/a"
"DiagnosticReport.media.modifierExtension","","extensions
user contentmodifiers","",0,*,"","Y","Y","Extension {[]} {[]}
","Extensions that cannot be ignored even if unrecognized","May be used to represent additional information that is not part of the basic definition of the element and that modifies the understanding of the element in which it is contained and/or the understanding of the containing element's descendants. Usually modifier elements provide negation or qualification. To make the use of extensions safe and manageable, there is a strict set of governance applied to the definition and use of extensions. Though any implementer can define an extension, there is a set of requirements that SHALL be met as part of the definition of the extension. Applications processing a resource are required to check for modifier extensions.

Modifier extensions SHALL NOT change the meaning of any elements on Resource or DomainResource (including cannot change the meaning of modifierExtension itself).","There can be no stigma associated with the use of extensions by any application, project, or standard - regardless of the institution or jurisdiction that uses or defines the extensions.  The use of extensions is what allows the FHIR specification to retain a core level of simplicity for everyone.","Modifier extensions allow for extensions that *cannot* be safely ignored to be clearly distinguished from the vast majority of extensions which can be safely ignored.  This promotes interoperability by eliminating the need for implementers to prohibit the presence of extensions. For further information, see the [definition of modifier extensions](http://hl7.org/fhir/R4/extensibility.html#modifierExtension).","","","","","","","",,,,,"",,,,"BackboneElement.modifierExtension",0,*,"","","N/A"
"DiagnosticReport.media.comment","","","",0,1,"","","","string {[]} {[]}
","Comment about the image (e.g. explanation)","A comment about the image. Typically, this is used to provide an explanation for why the image is included, or to draw the viewer's attention to important features.","The comment should be displayed with the image. It would be common for the report to include additional discussion of the image contents in other sections such as the conclusion.","The provider of the report should make a comment about each image included in the report.","","","","","","","",,,,,"",,,,"DiagnosticReport.media.comment",0,1,"","",".inboundRelationship[typeCode=COMP].source[classCode=OBS, moodCode=EVN, code=""annotation""].value"
"DiagnosticReport.media.link","","","",1,1,"","","Y","Reference {[]} {[CanonicalType[http://hl7.org/fhir/StructureDefinition/Media]]}
","Reference to the image source","Reference to the image source.","","","","","","","","","",,,,,"",,,,"DiagnosticReport.media.link",1,1,"","",".value.reference"
"DiagnosticReport.conclusion","","Report
","",0,1,"","","","string {[]} {[]}
","Clinical conclusion (interpretation) of test results","Concise and clinically contextualized summary conclusion (interpretation/impression) of the diagnostic report.","","Need to be able to provide a conclusion that is not lost among the basic result data.","","","","","","","",,,,,"",,,,"DiagnosticReport.conclusion",0,1,"","","OBX","inboundRelationship[typeCode=""SPRT""].source[classCode=OBS, moodCode=EVN, code=LOINC:48767-8].value (type=ST)"
"DiagnosticReport.conclusionCode","","","",0,*,"","","","CodeableConcept {[]} {[]}
","Codes for the clinical conclusion of test results","One or more codes that represent the summary conclusion (interpretation/impression) of the diagnostic report.","","","","","","","","","",,"example","Diagnosis codes provided as adjuncts to the report.","http://hl7.org/fhir/ValueSet/clinical-findings","",,,,"DiagnosticReport.conclusionCode",0,*,"","","OBX","inboundRelationship[typeCode=SPRT].source[classCode=OBS, moodCode=EVN, code=LOINC:54531-9].value (type=CD)"
"DiagnosticReport.presentedForm","","","",0,*,"Y","","","Attachment {[]} {[]}
","Entire report as issued","Rich text representation of the entire result as issued by the diagnostic service. Multiple formats are allowed but they SHALL be semantically equivalent.","""application/pdf"" is recommended as the most reliable and interoperable in this context.","Gives laboratory the ability to provide its own fully formatted report for clinical fidelity.","","","","","","","",,,,,"",,,,"DiagnosticReport.presentedForm",0,*,"","us-core-7:DiagnosticReport.result or  DiagnosticReport.presentedForm or both SHALL be present. {result.exists() or presentedForm.exists()}
","OBX","text (type=ED)"
