"Path","Slice Name","Alias(s)","Label","Min","Max","Must Support?","Is Modifier?","Is Summary?","Type(s)","Short","Definition","Comments","Requirements","Default Value","Meaning When Missing","Fixed Value","Pattern","Example","Minimum Value","Maximum Value","Maximum Length","Binding Strength","Binding Description","Binding Value Set","Code","Slicing Discriminator","Slicing Description","Slicing Ordered","Slicing Rules","Base Path","Base Min","Base Max","Condition(s)","Constraint(s)","Mapping: iCalendar","Mapping: RIM","Mapping: W5 Mapping","Mapping: HL7 v2"
"Appointment","","","",0,*,"","","","","shr-core-Appointment","A booking of a healthcare event among patient(s), practitioner(s), related person(s) and/or device(s) for a specific date/time.","","","","","","","","","",,,,,"",,,,"",0,null,"","app-3:Only proposed or cancelled appointments can be missing start/end dates {null}
app-2:Either start and end are specified, or neither {null}","VEVENT","Act (ActMood = ActMoodAppointment or ActMoodAppointmentRequest)","workflow.scheduling"
"Appointment.id","","","",0,1,"","","Y","id {[]} {[]}
","Logical id of this artifact","The logical id of the resource, as used in the URL for the resource. Once assigned, this value never changes.","The only time that a resource does not have an id is when it is being submitted to the server using a create operation. Bundles always have an id, though it is usually a generated UUID.","","","","","","","","",,,,,"",,,,"",0,null,"",""
"Appointment.meta","","","",0,1,"","","Y","Meta {[]} {[]}
","Metadata about the resource","The metadata about the resource. This is content that is maintained by the infrastructure. Changes to the content may not always be associated with version changes to the resource.","","","","","","","","","",,,,,"",,,,"",0,null,"",""
"Appointment.meta.id","","","",0,1,"","","","id {[]} {[]}
","xml:id (or equivalent in JSON)","unique id for the element within a resource (for internal references).","","","","","","","","","",,,,,"",,,,"",0,null,"","","n/a"
"Appointment.meta.extension","","extensions
user content","",0,*,"","","","Extension {[]} {[]}
","Additional Content defined by implementations","May be used to represent additional information that is not part of the basic definition of the element. In order to make the use of extensions safe and manageable, there is a strict set of governance  applied to the definition and use of extensions. Though any implementer is allowed to define an extension, there is a set of requirements that SHALL be met as part of the definition of the extension.","There can be no stigma associated with the use of extensions by any application, project, or standard - regardless of the institution or jurisdiction that uses or defines the extensions.  The use of extensions is what allows the FHIR specification to retain a core level of simplicity for everyone.","","","","","","","","",,,,,"",,,,"",0,null,"","","n/a"
"Appointment.meta.versionId","","","",0,1,"","","Y","id {[]} {[]}
","Version specific identifier","The version specific identifier, as it appears in the version portion of the URL. This values changes when the resource is created, updated, or deleted.","The server assigns this value, and ignores what the client specifies, except in the case that the server is imposing version integrity on updates/deletes.","","","","","","","","",,,,,"",,,,"",0,null,"",""
"Appointment.meta.lastUpdated","","","",0,1,"","","Y","instant {[]} {[]}
","When the resource version last changed","When the resource last changed - e.g. when the version changed.","This value is always populated except when the resource is first being created. The server / resource manager sets this value; what a client provides is irrelevant.","","","","","","","","",,,,,"",,,,"",0,null,"",""
"Appointment.meta.profile","","","",0,*,"","","Y","uri {[]} {[]}
","Profiles this resource claims to conform to","A list of profiles [[[StructureDefinition]]]s that this resource claims to conform to. The URL is a reference to [[[StructureDefinition.url]]].","It is up to the server and/or other infrastructure of policy to determine whether/how these claims are verified and/or updated over time.  The list of profile URLs is a set.","","","","","","","","",,,,,"",,,,"",0,null,"",""
"Appointment.meta.security","","","",0,*,"","","Y","Coding {[]} {[]}
","Security Labels applied to this resource","Security labels applied to this resource. These tags connect specific resources to the overall security policy and infrastructure.","The security labels can be updated without changing the stated version of the resource  The list of security labels is a set. Uniqueness is based the system/code, and version and display are ignored.","","","","","","","","",,"extensible","Security Labels from the Healthcare Privacy and Security Classification System.","http://hl7.org/fhir/ValueSet/security-labels","",,,,"",0,null,"",""
"Appointment.meta.tag","","","",0,*,"","","Y","Coding {[]} {[]}
","Tags applied to this resource","Tags applied to this resource. Tags are intended to be used to identify and relate resources to process and workflow, and applications are not required to consider the tags when interpreting the meaning of a resource.","The tags can be updated without changing the stated version of the resource.  The list of tags is a set. Uniqueness is based the system/code, and version and display are ignored.","","","","","","","","",,"example","Codes that represent various types of tags, commonly workflow-related; e.g. ""Needs review by Dr. Jones""","","",,,,"",0,null,"",""
"Appointment.implicitRules","","","",0,1,"","Y","Y","uri {[]} {[]}
","A set of rules under which this content was created","A reference to a set of rules that were followed when the resource was constructed, and which must be understood when processing the content.","Asserting this rule set restricts the content to be only understood by a limited set of trading partners. This inherently limits the usefulness of the data in the long term. However, the existing health eco-system is highly fractured, and not yet ready to define, collect, and exchange data in a generally computable sense. Wherever possible, implementers and/or specification writers should avoid using this element as much as possible.","","","","","","","","",,,,,"",,,,"",0,null,"",""
"Appointment.language","","","",0,1,"","","","code {[]} {[]}
","Language of the resource content","The base language in which the resource is written.","Language is provided to support indexing and accessibility (typically, services such as text to speech use the language tag). The html language tag in the narrative applies  to the narrative. The language tag on the resource may be used to specify the language of other presentations generated from the data in the resource  Not all the content has to be in the base language. The Resource.language should not be assumed to apply to the narrative automatically. If a language is specified, it should it also be specified on the div element in the html (see rules in HTML5 for information about the relationship between xml:lang and the html lang attribute).","","","","","","","","",,"required","A human language.","http://tools.ietf.org/html/bcp47","",,,,"",0,null,"",""
"Appointment.text","","narrative
htmlxhtmldisplay","",0,1,"","","","Narrative {[]} {[]}
","Text summary of the resource, for human interpretation","A human-readable narrative that contains a summary of the resource, and may be used to represent the content of the resource to a human. The narrative need not encode all the structured data, but is required to contain sufficient detail to make it ""clinically safe"" for a human to just read the narrative. Resource definitions may define what content should be represented in the narrative to ensure clinical safety.","Contained resources do not have narrative. Resources that are not contained SHOULD have a narrative.","","","","","","","","",,,,,"",,,,"",0,null,"dom-1
","","Act.text?"
"Appointment.contained","","inline resources
anonymous resourcescontained resources","",0,*,"","","","Resource {[]} {[]}
","Contained, inline Resources","These resources do not have an independent existence apart from the resource that contains them - they cannot be identified independently, and nor can they have their own independent transaction scope.","This should never be done when the content can be identified properly, as once identification is lost, it is extremely difficult (and context dependent) to restore it again.","","","","","","","","",,,,,"",,,,"",0,null,"","","N/A"
"Appointment.extension","","extensions
user content","",0,*,"","","","Extension {[]} {[]}
","Additional Content defined by implementations","May be used to represent additional information that is not part of the basic definition of the resource. In order to make the use of extensions safe and manageable, there is a strict set of governance  applied to the definition and use of extensions. Though any implementer is allowed to define an extension, there is a set of requirements that SHALL be met as part of the definition of the extension.","There can be no stigma associated with the use of extensions by any application, project, or standard - regardless of the institution or jurisdiction that uses or defines the extensions.  The use of extensions is what allows the FHIR specification to retain a core level of simplicity for everyone.","","","","","","","","",,,,,"","value:url}
","",,"open","",0,null,"","","N/A"
"Appointment.extension","specialty","","",0,*,"","","","Extension {[CanonicalType[http://hl7.org/fhir/us/shr/StructureDefinition/shr-core-Specialty-extension]]} {[]}
","","The specialty of a practitioner who (should, will, or did) perform a service.","","","","","","","","","",,,,,"",,,,"Appointment.extension",0,*,"",""
"Appointment.extension","type","","",0,1,"","","","Extension {[CanonicalType[http://hl7.org/fhir/us/shr/StructureDefinition/shr-core-Type-extension]]} {[]}
","","A code describing the item at a greater level of detail.","","","","","","","","","",,,,,"",,,,"Appointment.extension",0,*,"",""
"Appointment.extension.id","","","",0,1,"","","","string {[]} {[]}
","xml:id (or equivalent in JSON)","unique id for the element within a resource (for internal references). This may be any string value that does not contain spaces.","","","","","","","","","",,,,,"",,,,"Element.id",0,1,"","","N/A"
"Appointment.extension.extension","","","",0,0,"","","","Extension {[]} {[]}
","Extension","An Extension","","","","","","","","","",,,,,"",,,,"Element.extension",0,*,"",""
"Appointment.extension.url","","","",1,1,"","","","uri {[]} {[]}
","identifies the meaning of the extension","Source of the definition for the extension code - a logical name or a URL.","","","","","<valueUri xmlns=""http://hl7.org/fhir"" value=""http://hl7.org/fhir/us/shr/StructureDefinition/shr-core-Type-extension""/>","","","","",,,,,"",,,,"Extension.url",1,1,"","","N/A"
"Appointment.extension.valueCodeableConcept","","","",1,1,"","","","CodeableConcept {[]} {[]}
","Value of extension","Value of extension - may be a resource or one of a constrained set of the data types (see Extensibility in the spec for list).","","","","","","","","","",,"preferred","","http://hl7.org/fhir/ValueSet/v2-0276","",,,,"Extension.value[x]",0,1,"","","N/A"
"Appointment.extension","servicetype","","",0,*,"","","","Extension {[CanonicalType[http://hl7.org/fhir/us/shr/StructureDefinition/shr-core-ServiceType-extension]]} {[]}
","","A service requested or to be performed during this appointment","","","","","","","","","",,,,,"",,,,"Appointment.extension",0,*,"",""
"Appointment.extension","servicecategory","","",0,1,"","","","Extension {[CanonicalType[http://hl7.org/fhir/us/shr/StructureDefinition/shr-core-ServiceCategory-extension]]} {[]}
","","A broad categorization of the service (ordered, planned, or performed).","","","","","","","","","",,,,,"",,,,"Appointment.extension",0,*,"",""
"Appointment.extension","reasonreference","","",0,*,"","","","Extension {[CanonicalType[http://hl7.org/fhir/us/shr/StructureDefinition/shr-core-ReasonReference-extension]]} {[]}
","","The justification, as reference to a condition or observation.","","","","","","","","","",,,,,"",,,,"Appointment.extension",0,*,"",""
"Appointment.extension","indication","","",0,*,"","","","Extension {[CanonicalType[http://hl7.org/fhir/us/shr/StructureDefinition/shr-core-Indication-extension]]} {[]}
","","Conditions or situations where the procedure is recommended. In the Performed context, the actual indication should be reported.","","","","","","","","","",,,,,"",,,,"Appointment.extension",0,*,"",""
"Appointment.extension","relatedinformation","","",0,*,"","","","Extension {[CanonicalType[http://hl7.org/fhir/us/shr/StructureDefinition/shr-core-RelatedInformation-extension]]} {[]}
","","Additional information to support referral or transfer of care request","","","","","","","","","",,,,,"",,,,"Appointment.extension",0,*,"",""
"Appointment.extension","statementdatetime","","",0,1,"","","","Extension {[CanonicalType[http://hl7.org/fhir/us/shr/StructureDefinition/shr-core-StatementDateTime-extension]]} {[]}
","","The point in time when the statement was created.","","","","","","","","","",,,,,"",,,,"Appointment.extension",0,*,"",""
"Appointment.extension","referralrequest","","",0,*,"","","","Extension {[CanonicalType[http://hl7.org/fhir/us/shr/StructureDefinition/shr-core-ReferralRequest-extension]]} {[]}
","","Used to record and send details about a request for referral service or transfer of a patient to the care of another provider or provider organization.","","","","","","","","","",,,,,"",,,,"Appointment.extension",0,*,"",""
"Appointment.extension","expectedperformancetime","","",0,*,"","","","Extension {[CanonicalType[http://hl7.org/fhir/us/shr/StructureDefinition/shr-core-ExpectedPerformanceTime-extension]]} {[]}
","","When an action should be done. If the action is a series or recurs (e.g. daily blood sugar testing in the morning) then a Timing can be used to describe the periodicity.","","","","","","","","","",,,,,"",,,,"Appointment.extension",0,*,"",""
"Appointment.modifierExtension","","extensions
user content","",0,*,"","Y","","Extension {[]} {[]}
","Extensions that cannot be ignored","May be used to represent additional information that is not part of the basic definition of the resource, and that modifies the understanding of the element that contains it. Usually modifier elements provide negation or qualification. In order to make the use of extensions safe and manageable, there is a strict set of governance applied to the definition and use of extensions. Though any implementer is allowed to define an extension, there is a set of requirements that SHALL be met as part of the definition of the extension. Applications processing a resource are required to check for modifier extensions.","There can be no stigma associated with the use of extensions by any application, project, or standard - regardless of the institution or jurisdiction that uses or defines the extensions.  The use of extensions is what allows the FHIR specification to retain a core level of simplicity for everyone.","","","","","","","","",,,,,"",,,,"",0,null,"","","N/A"
"Appointment.identifier","","","",0,*,"","","Y","Identifier {[]} {[]}
","External Ids for this item","This records identifiers associated with this appointment concern that are defined by business processes and/or used to refer to it when a direct URL reference to the resource itself is not appropriate (e.g. in CDA documents, or in written / printed documentation).","","","","","","","","","",,,,,"",,,,"",0,null,"","","UID",".id","id","SCH-1, SCH-2, ARQ-1, ARQ-2"
"Appointment.status","","","",1,1,"","Y","Y","code {[]} {[]}
","proposed | pending | booked | arrived | fulfilled | cancelled | noshow","The overall status of the Appointment. Each of the participants has their own participation status which indicates their involvement in the process, however this status indicates the shared status.","If the Appointment's status is ""cancelled"" then all participants are expected to have their calendars released for the appointment period, and as such any Slots that were marked as BUSY can be re-set to FREE.","","","","","","","","",,"required","The free/busy status of an appointment.","http://hl7.org/fhir/ValueSet/appointmentstatus","",,,,"",0,null,"","",".statusCode","status","SCH-25"
"Appointment.type","","","",0,1,"","","Y","CodeableConcept {[]} {[]}
","The type of appointment that is being booked","The type of appointment that is being booked (This may also be associated with participants for location, and/or a HealthcareService).","","","","","","","","","",,"preferred","Additional details about where the content was created (e.g. clinical specialty).","http://hl7.org/fhir/ValueSet/c80-practice-codes","",,,,"",0,null,"","",".code","class"
"Appointment.reason","","","",0,1,"","","Y","CodeableConcept {[]} {[]}
","Reason this appointment is scheduled","The reason that this appointment is being scheduled. This is more clinical than administrative.","","","","","","","","","",,"required","The Reason for the appointment to take place.","http://hl7.org/fhir/ValueSet/encounter-reason","",,,,"",0,null,"","","(encounter appointment).reason","AIS-3, ARQ-7, SCH-7"
"Appointment.priority","","","",0,1,"","","","unsignedInt {[]} {[]}
","Used to make informed decisions if needing to re-prioritize","The priority of the appointment. Can be used to make informed decisions if needing to re-prioritize appointments. (The iCal Standard specifies 0 as undefined, 1 as highest, 9 as lowest priority).","Seeking implementer feedback on this property and how interoperable it is.

Using an extension to record a codeableconcept for named values may be tested at a future connectathon.","","","","","","","","",,,,,"",,,,"",0,null,"","","PRIORITY",".priorityCode","class","ARQ-12, SCH-11.6 / TQ1-9"
"Appointment.description","","","",0,1,"","","","string {[]} {[]}
","Shown on a subject line in a meeting request, or appointment list","The brief description of the appointment as would be shown on a subject line in a meeting request, or appointment list. Detailed or expanded information should be put in the comment field.","","","","","","","","","",,,,,"",,,,"",0,null,"","","DESCRIPTION",".text","NTE-3"
"Appointment.start","","","",0,1,"","","Y","instant {[]} {[]}
","When appointment is to take place","Date/Time that the appointment is to take place.","","","","","","","","","",,,,,"",,,,"",0,null,"","",".effectiveTime.low","when.init","ARQ-11.1, SCH-11.4 / TQ1-7"
"Appointment.end","","","",0,1,"","","Y","instant {[]} {[]}
","When appointment is to conclude","Date/Time that the appointment is to conclude.","","","","","","","","","",,,,,"",,,,"",0,null,"","",".effectiveTime.high","when.done","ARQ-11.2, SCH-11.5 / TQ1-8"
"Appointment.minutesDuration","","","",0,1,"","","","positiveInt {[]} {[]}
","Can be less than start/end (e.g. estimate)","Number of minutes that the appointment is to take. This can be less than the duration between the start and end times (where actual time of appointment is only an estimate or is a planned appointment request).","","","","","","","","","",,,,,"",,,,"",0,null,"",""
"Appointment.slot","","","",0,*,"","","","Reference {[]} {[CanonicalType[http://hl7.org/fhir/StructureDefinition/Slot]]}
","If provided, then no schedule and start/end values MUST match slot","The slot that this appointment is filling. If provided then the schedule will not be provided as slots are not recursive, and the start/end values MUST be the same as from the slot.","","","","","","","","","",,,,,"",,,,"",0,null,"","","Schedule-Slot (classCode=ACT, moodCode = SLOT)"
"Appointment.comment","","","",0,1,"","","","string {[]} {[]}
","Additional comments","Additional comments about the appointment.","Additional text to aid in facilitating the appointment. For instance, a comment might be, ""patient should proceed immediately to infusion room upon arrival""

Where this is a planned appointment and the start/end dates are not set then this field can be used to provide additional guidance on the details of the appointment request, including any restrictions on when to book it.","","","","","","","","",,,,,"",,,,"",0,null,"","","COMMENT","NTE-3"
"Appointment.participant","","","",1,*,"","","","BackboneElement {[]} {[]}
","Participants involved in appointment","List of participants involved in the appointment.","","","","","","","","","",,,,,"",,,,"",0,null,"","app-1:Either the type or actor on the participant MUST be specified {null}
","ATTENDEE component to be created","PID, AIP, AIG, AIL"
"Appointment.participant.id","","","",0,1,"","","","id {[]} {[]}
","xml:id (or equivalent in JSON)","unique id for the element within a resource (for internal references).","","","","","","","","","",,,,,"",,,,"",0,null,"","","n/a"
"Appointment.participant.extension","","extensions
user content","",0,*,"","","","Extension {[]} {[]}
","Additional Content defined by implementations","May be used to represent additional information that is not part of the basic definition of the element. In order to make the use of extensions safe and manageable, there is a strict set of governance  applied to the definition and use of extensions. Though any implementer is allowed to define an extension, there is a set of requirements that SHALL be met as part of the definition of the extension.","There can be no stigma associated with the use of extensions by any application, project, or standard - regardless of the institution or jurisdiction that uses or defines the extensions.  The use of extensions is what allows the FHIR specification to retain a core level of simplicity for everyone.","","","","","","","","",,,,,"",,,,"",0,null,"","","n/a"
"Appointment.participant.modifierExtension","","extensions
user contentmodifiers","",0,*,"","Y","","Extension {[]} {[]}
","Extensions that cannot be ignored","May be used to represent additional information that is not part of the basic definition of the element, and that modifies the understanding of the element that contains it. Usually modifier elements provide negation or qualification. In order to make the use of extensions safe and manageable, there is a strict set of governance applied to the definition and use of extensions. Though any implementer is allowed to define an extension, there is a set of requirements that SHALL be met as part of the definition of the extension. Applications processing a resource are required to check for modifier extensions.","There can be no stigma associated with the use of extensions by any application, project, or standard - regardless of the institution or jurisdiction that uses or defines the extensions.  The use of extensions is what allows the FHIR specification to retain a core level of simplicity for everyone.","","","","","","","","",,,,,"",,,,"",0,null,"","","N/A"
"Appointment.participant.type","","","",1,*,"","","Y","CodeableConcept {[]} {[]}
","Role of participant in the appointment","Role of participant in the appointment.","The role of the participant can be used to declare what the actor will be doing in the scope of this appointment.

If the actor is not specified, then it is expected that the actor will be filled in at a later stage of planning.

This value MUST be the same when creating an AppointmentResponse so that they can be matched, and subsequently update the Appointment.","","","","","","","","",,"required","Role of participant in encounter.","http://hl7.org/fhir/ValueSet/encounter-participant-type","",,,,"Appointment.participant.type",0,*,"","","n/a","AIP-4, AIG-4"
"Appointment.participant.actor","","","",0,1,"","","Y","Reference {[]} {[CanonicalType[http://hl7.org/fhir/us/shr/StructureDefinition/shr-core-Patient], CanonicalType[http://hl7.org/fhir/us/shr/StructureDefinition/shr-core-Practitioner], CanonicalType[http://hl7.org/fhir/us/shr/StructureDefinition/shr-core-RelatedPerson], CanonicalType[http://hl7.org/fhir/us/shr/StructureDefinition/shr-core-Device], CanonicalType[http://hl7.org/fhir/us/shr/StructureDefinition/shr-core-Location]]}
","Person, Location/HealthcareService or Device","A Person, Location/HealthcareService or Device that is participating in the appointment.","","","","","","","","","",,,,,"",,,,"",0,null,"","","ATTENDEE: (Need to provide the common name CN and also the MAILTO properties from the practitioner resource) where the participant type is not ""information-only""","performer | reusableDevice | subject | location","who","PID-3-Patient ID List | AIL-3 | AIG-3 | AIP-3"
"Appointment.participant.required","","","",0,1,"","","Y","code {[]} {[]}
","required | optional | information-only","Is this participant required to be present at the meeting. This covers a use-case where 2 doctors need to meet to discuss the results for a specific patient, and the patient is not required to be present.","","","","","","","","","",,"required","Is the Participant required to attend the appointment.","http://hl7.org/fhir/ValueSet/participantrequired","",,,,"",0,null,"","","ROLE=REQ-PARTICIPANT (roleparam)","performer.performIndicator"
"Appointment.participant.status","","","",1,1,"","","","code {[]} {[]}
","accepted | declined | tentative | needs-action","Participation status of the Patient.","","","","","","","","","",,"required","The Participation status of an appointment.","http://hl7.org/fhir/ValueSet/participationstatus","",,,,"",0,null,"","","ATTENDEE;CN=""Brian Postlethwaite"";RSVP=TRUE:mailto:BPostlethwaite@data.com (rsvpparam | partstatparam)","AIP-12, AIG-14"
